1.940950928e+02;1.601885189e-03
1.942986603e+02;-4.034088925e-04
1.945022430e+02;6.766312290e-04
1.947058411e+02;-6.464945618e-04
1.949094543e+02;-1.521560363e-03
1.951130829e+02;1.076556509e-04
1.953167267e+02;-7.838523015e-05
1.955203857e+02;1.103844726e-03
1.957240601e+02;-7.804227062e-05
1.959277496e+02;1.550650690e-03
1.961314545e+02;-4.745066399e-04
1.963351746e+02;7.084991666e-04
1.965389252e+02;-1.143136527e-03
1.967426758e+02;-1.810864313e-03
1.969464417e+02;-9.547681548e-04
1.971502228e+02;-1.554555958e-03
1.973540192e+02;9.341214318e-04
1.975578308e+02;-4.743623140e-04
1.977616577e+02;7.557123899e-05
1.979654999e+02;-1.101352973e-05
1.981693573e+02;-5.577807315e-04
1.983732300e+02;-1.004153397e-03
1.985771179e+02;8.312372956e-04
1.987810211e+02;-1.494555036e-04
1.989849548e+02;-8.512886125e-04
1.991888885e+02;2.648779191e-04
1.993928375e+02;-6.447352935e-04
1.995968018e+02;-1.350564882e-03
1.998007812e+02;-1.468467410e-03
2.000047760e+02;-1.724694623e-03
2.002087860e+02;1.533981413e-03
2.004128113e+02;3.817249089e-04
2.006168518e+02;6.948430091e-04
2.008209076e+02;-1.331559033e-03
2.010249786e+02;-1.092668856e-03
2.012290649e+02;7.955891779e-04
2.014331818e+02;-1.129053999e-04
2.016372986e+02;-1.193243312e-03
2.018414307e+02;2.312779543e-05
2.020455780e+02;-2.177743590e-04
2.022497406e+02;1.104106428e-03
2.024539185e+02;1.548972563e-03
2.026581116e+02;-2.598073334e-03
2.028623199e+02;-4.562765826e-04
2.030665436e+02;2.561244648e-03
2.032707825e+02;-6.113427808e-04
2.034750366e+02;1.260200981e-03
2.036793060e+02;-2.102640225e-03
2.038835907e+02;4.697260447e-04
2.040878906e+02;-1.435201149e-03
2.042922058e+02;-2.008253941e-04
2.044965363e+02;-1.039160881e-03
2.047008820e+02;6.247651763e-04
2.049052429e+02;-1.589382999e-03
2.051096191e+02;5.750912242e-04
2.053140106e+02;5.384960677e-04
2.055184174e+02;3.651548177e-04
2.057228394e+02;4.096084740e-05
2.059272919e+02;-6.299876841e-04
2.061317444e+02;1.155665843e-03
2.063362122e+02;-3.521111794e-04
2.065406799e+02;1.189951552e-03
2.067451782e+02;1.361921313e-03
2.069496918e+02;8.821738884e-04
2.071542206e+02;5.032088957e-04
2.073587646e+02;-8.515231311e-04
2.075633240e+02;-3.689876758e-04
2.077678986e+02;-1.452276250e-03
2.079724884e+02;-1.021661563e-03
2.081770935e+02;-1.743384521e-03
2.083817139e+02;6.620818749e-04
2.085863495e+02;1.069568098e-03
2.087910004e+02;5.548765184e-04
2.089956665e+02;-4.378482699e-04
2.092003479e+02;-1.175825717e-03
2.094050446e+02;-6.955005229e-04
2.096097565e+02;2.813576721e-04
2.098144836e+02;1.310740830e-03
2.100192108e+02;-3.359655384e-04
2.102239685e+02;1.606044825e-04
2.104287415e+02;3.657593334e-04
2.106335297e+02;1.605232246e-04
2.108383331e+02;9.403610602e-05
2.110431519e+02;-1.929624006e-03
2.112479858e+02;7.968610153e-04
2.114528198e+02;-1.861323137e-03
2.116576843e+02;1.271485817e-04
2.118625641e+02;4.361800384e-04
2.120674591e+02;2.818810754e-04
2.122723694e+02;3.163290676e-04
2.124772797e+02;1.106686424e-03
2.126822205e+02;2.639216837e-04
2.128871765e+02;1.775983837e-04
2.130921478e+02;-5.413277540e-04
2.132971191e+02;-6.094751880e-04
2.135021210e+02;-1.794005511e-03
2.137071381e+02;2.975938551e-04
2.139121704e+02;-7.827982772e-04
2.141172028e+02;7.279198617e-04
2.143222656e+02;6.225005491e-04
2.145273438e+02;-5.438629305e-04
2.147324219e+02;-5.079985131e-04
2.149375305e+02;-2.666329965e-05
2.151426544e+02;-2.654618584e-05
2.153477783e+02;2.465234138e-05
2.155529327e+02;9.665124817e-04
2.157580872e+02;5.375306937e-04
2.159632721e+02;-7.640088443e-04
2.161684723e+02;3.521032631e-04
2.163736725e+02;9.342236444e-05
2.165789032e+02;2.478570677e-04
2.167841339e+02;2.385850530e-05
2.169893951e+02;-2.982607111e-04
2.171946564e+02;-6.276511122e-04
2.173999481e+02;1.772014657e-04
2.176052399e+02;-1.398975961e-03
2.178105621e+02;1.139375381e-03
2.180158844e+02;7.088960847e-04
2.182212372e+02;1.788614318e-04
2.184265900e+02;1.739966217e-03
2.186319733e+02;4.525698023e-04
2.188373566e+02;-2.000856621e-04
2.190427704e+02;2.115963493e-03
2.192481842e+02;-5.599097349e-04
2.194536133e+02;7.631257176e-04
2.196590729e+02;-4.455051385e-05
2.198645325e+02;2.014134545e-03
2.200700073e+02;1.087410026e-03
2.202755127e+02;7.437501336e-04
2.204810181e+02;1.018640236e-03
2.206865387e+02;1.036166446e-03
2.208920898e+02;-8.166511543e-04
2.210976410e+02;-1.588886837e-03
2.213032074e+02;-1.210859860e-03
2.215087891e+02;-4.059532657e-04
2.217144012e+02;1.271576621e-04
2.219200134e+02;-2.497643000e-03
2.221256409e+02;-1.795440214e-03
2.223312836e+02;1.936272020e-04
2.225369415e+02;7.108175196e-04
2.227426147e+02;-9.360511322e-04
2.229483185e+02;7.436148589e-04
2.231540222e+02;-1.726814546e-03
2.233597412e+02;7.770975935e-04
2.235654755e+02;-1.211599680e-03
2.237712250e+02;-6.801577401e-04
2.239769897e+02;-5.598013522e-04
2.241827698e+02;-3.537263256e-04
2.243885651e+02;5.956087261e-05
2.245943756e+02;-1.107200049e-03
2.248002014e+02;1.516933553e-03
2.250060425e+02;2.495944500e-05
2.252118988e+02;-1.091947081e-03
2.254177704e+02;-1.485262765e-04
2.256236572e+02;7.114037871e-04
2.258295441e+02;-5.419142544e-04
2.260354614e+02;1.034948509e-03
2.262413940e+02;-1.287204213e-05
2.264473419e+02;4.549692385e-04
2.266533051e+02;3.172038123e-04
2.268592834e+02;1.429166645e-03
2.270652618e+02;-1.948900404e-03
2.272712708e+02;5.740537308e-04
2.274772949e+02;-1.227709698e-03
2.276833191e+02;-4.732527304e-04
2.278893738e+02;-8.524252917e-04
2.280954437e+02;4.530660808e-04
2.283015137e+02;-1.229541027e-03
2.285076141e+02;1.448515337e-03
2.287137299e+02;-4.560509697e-04
2.289198456e+02;9.517646395e-04
2.291259918e+02;6.590508856e-04
2.293321381e+02;-3.538525198e-04
2.295383148e+02;1.427975832e-03
2.297444916e+02;-1.502834377e-03
2.299506989e+02;-9.762548143e-05
2.301569061e+02;-1.229198184e-03
2.303631439e+02;-7.630256005e-04
2.305693817e+02;-3.005247563e-04
2.307756500e+02;2.312418073e-04
2.309819183e+02;4.696719116e-04
2.311882019e+02;1.112823375e-04
2.313945160e+02;3.171409480e-04
2.316008301e+02;-2.583984286e-03
2.318071594e+02;-4.388224334e-04
2.320135040e+02;-6.623609224e-04
2.322198792e+02;1.792355906e-03
2.324262543e+02;5.553367082e-04
2.326326447e+02;6.030034274e-05
2.328390503e+02;-2.797145862e-05
2.330454712e+02;-1.642480493e-04
2.332519073e+02;4.217866808e-05
2.334583740e+02;5.215653218e-04
2.336648407e+02;-1.895067282e-03
2.338713226e+02;1.276635565e-03
2.340778198e+02;-1.895572990e-03
2.342843323e+02;1.860566204e-03
2.344908600e+02;-2.349396818e-04
2.346974030e+02;7.257547695e-04
2.349039459e+02;1.034434419e-03
2.351105194e+02;-1.469441690e-03
2.353171082e+02;-5.263276398e-04
2.355237122e+02;-1.262311009e-03
2.357303314e+02;-1.126232790e-03
2.359369659e+02;-4.619243555e-05
2.361436005e+02;4.343036562e-04
2.363502655e+02;-5.429337034e-04
2.365569458e+02;2.252312144e-03
2.367636414e+02;1.602047589e-03
2.369703369e+02;9.187060641e-05
2.371770630e+02;-1.106893178e-03
2.373837891e+02;-1.279656775e-03
2.375905457e+02;-1.263141050e-03
2.377973175e+02;-1.192278229e-03
2.380040894e+02;-6.470718654e-04
2.382108917e+02;-1.211996656e-03
2.384176941e+02;-2.701533958e-05
2.386245270e+02;1.959186047e-04
2.388313599e+02;-6.802118733e-04
2.390382080e+02;-7.808678783e-04
2.392450867e+02;-5.599457072e-04
2.394519653e+02;-1.725253882e-03
2.396588593e+02;6.438703276e-04
2.398657837e+02;-3.896448761e-04
2.400727081e+02;4.179683165e-04
2.402796478e+02;9.229464922e-05
2.404866028e+02;-8.508464089e-04
2.406935883e+02;2.015641425e-03
2.409005737e+02;-5.922196433e-04
2.411075745e+02;1.172912307e-03
2.413145905e+02;-9.707517165e-05
2.415216217e+02;-6.234738976e-05
2.417286682e+02;6.574990693e-04
2.419357300e+02;-4.718722776e-04
2.421428070e+02;6.413080264e-04
2.423498993e+02;-4.223608412e-04
2.425570068e+02;-2.599634230e-03
2.427641296e+02;-1.005840488e-03
2.429712524e+02;-1.536623808e-03
2.431784058e+02;-9.707787540e-04
2.433855743e+02;1.601984404e-04
2.435927582e+02;-2.166375052e-04
2.437999573e+02;-6.624599919e-04
2.440071564e+02;1.327996375e-03
2.442143860e+02;5.384058459e-04
2.444216156e+02;3.494961420e-04
2.446288757e+02;6.903142203e-04
2.448361511e+02;4.361169413e-04
2.450434265e+02;-6.624599919e-04
2.452507324e+02;-1.639507944e-03
2.454580383e+02;7.604644634e-04
2.456653748e+02;-4.583426053e-04
2.458727112e+02;-6.981171318e-04
2.460800629e+02;3.676898777e-04
2.462874451e+02;-8.167232154e-04
2.464948273e+02;1.001213212e-03
2.467022247e+02;2.820885275e-04
2.469096375e+02;-6.783083081e-04
2.471170807e+02;1.499055186e-03
2.473245239e+02;1.343059819e-03
2.475319824e+02;-1.471280120e-04
2.477394562e+02;-1.295604277e-03
2.479469452e+02;9.693903849e-04
2.481544495e+02;-1.726670191e-03
2.483619690e+02;-1.640220638e-03
2.485695038e+02;-6.806087913e-04
2.487770538e+02;-7.143261610e-04
2.489846191e+02;-4.508276470e-05
2.491921997e+02;9.996705921e-04
2.493997955e+02;2.494128421e-05
2.496074066e+02;-1.212564996e-03
2.498150177e+02;9.665305843e-04
2.500226593e+02;-1.837682212e-04
2.502303162e+02;-2.512751671e-04
2.504379730e+02;5.563469604e-04
2.506456604e+02;-4.223698052e-04
2.508533630e+02;2.661049366e-04
2.510610657e+02;-9.199862834e-04
2.512687988e+02;-5.767864641e-04
2.514765320e+02;8.983560256e-04
2.516842957e+02;5.195261911e-04
2.518920593e+02;3.493427648e-04
2.520998383e+02;4.182208795e-04
2.523076477e+02;-4.414569121e-04
2.525154572e+02;-2.995557152e-03
2.527232819e+02;-5.086840829e-04
2.529311218e+02;-2.690360125e-04
2.531389923e+02;1.016418543e-02
2.533468628e+02;-7.494238089e-04
2.535547485e+02;8.131333161e-04
2.537626495e+02;-2.683683997e-04
2.539705658e+02;-2.068507718e-03
2.541784973e+02;4.875410814e-04
2.543864441e+02;2.141939476e-04
2.545944061e+02;-2.834950574e-04
2.548023834e+02;9.103160119e-05
2.550103607e+02;-1.949306345e-03
2.552183685e+02;2.995696850e-04
2.554263916e+02;-1.809084788e-04
2.556344299e+02;-5.276720040e-04
2.558424683e+02;1.263909508e-04
2.560505371e+02;1.137778629e-03
2.562586060e+02;-4.460453056e-05
2.564667053e+02;1.208461123e-03
2.566748047e+02;-3.713247424e-04
2.568829346e+02;1.155792153e-03
2.570910645e+02;-1.897367998e-03
2.572992249e+02;6.252429448e-04
2.575073853e+02;-7.494598976e-04
2.577155762e+02;1.206593704e-03
2.579237671e+02;1.410052413e-03
2.581319885e+02;1.772339456e-03
2.583402100e+02;-6.447532214e-04
2.585484314e+02;2.465758007e-04
2.587566833e+02;-1.708629774e-03
2.589649658e+02;5.552374059e-04
2.591732483e+02;-6.633170997e-04
2.593815308e+02;7.105378900e-04
2.595898438e+02;-8.000269299e-04
2.597981873e+02;9.095040150e-05
2.600065308e+02;1.170052681e-03
2.602148743e+02;-7.501093205e-04
2.604232483e+02;1.224372652e-03
2.606316528e+02;-2.290602541e-03
2.608400269e+02;4.336360143e-04
2.610484619e+02;2.150285058e-03
2.612568665e+02;-1.759891282e-03
2.614653320e+02;-3.709819866e-04
2.616737976e+02;1.284205355e-04
2.618822632e+02;8.617066778e-04
2.620907593e+02;-7.312028902e-04
2.622992554e+02;2.287427924e-04
2.625077515e+02;1.104313880e-03
2.627163086e+02;-8.701861370e-04
2.629248352e+02;-1.006895909e-03
2.631333923e+02;-1.005524653e-03
2.633419800e+02;1.940962102e-04
2.635505676e+02;-1.823428320e-04
2.637591553e+02;4.209815525e-04
2.639678040e+02;-8.504583966e-04
2.641764221e+02;1.156297280e-03
2.643850708e+02;7.954718312e-04
2.645937195e+02;1.960527385e-03
2.648023987e+02;-1.691744081e-03
2.650111084e+02;-9.204915259e-04
2.652198181e+02;-4.730001092e-04
2.654285278e+02;9.159636684e-04
2.656372681e+02;-1.832270063e-04
2.658460083e+02;-6.263069808e-04
2.660547791e+02;-1.452023629e-03
2.662635498e+02;-8.676962461e-04
2.664723511e+02;-1.496359473e-04
2.666811523e+02;8.629516815e-04
2.668899841e+02;-2.179277362e-04
2.670988159e+02;5.908240564e-05
2.673076782e+02;-3.062811447e-03
2.675165405e+02;1.617904869e-03
2.677254333e+02;-3.690691665e-04
2.679343262e+02;-3.876239061e-04
2.681432190e+02;-7.990435697e-04
2.683521423e+02;3.141638881e-04
2.685610962e+02;8.302538190e-04
2.687700500e+02;4.867651733e-04
2.689790039e+02;-1.675002626e-03
2.691879883e+02;4.536344204e-04
2.693970032e+02;1.345378347e-03
2.696059875e+02;5.962385330e-06
2.698150330e+02;-1.126512419e-03
2.700240784e+02;9.516202845e-04
2.702331238e+02;5.210328382e-04
2.704421997e+02;4.684630549e-04
2.706512756e+02;1.018089941e-03
2.708603821e+02;7.535482291e-05
2.710694885e+02;-7.817698643e-04
2.712786255e+02;-5.951697240e-04
2.714877625e+02;9.317577351e-04
2.716968994e+02;-9.711937746e-04
2.719060974e+02;-7.311847876e-04
2.721152649e+02;-8.674254641e-04
2.723244629e+02;2.453398774e-04
2.725336914e+02;1.780585153e-04
2.727429199e+02;-5.074662622e-04
2.729521484e+02;-5.913535133e-04
2.731614075e+02;5.718524335e-04
2.733706970e+02;-3.113793442e-03
2.735799866e+02;-6.455021212e-04
2.737892761e+02;1.328754472e-03
2.739985962e+02;-1.107028686e-03
2.742079163e+02;1.567996340e-03
2.744172668e+02;-7.973832544e-05
2.746266174e+02;-8.835620247e-04
2.748359985e+02;4.869997501e-04
2.750453796e+02;1.586181577e-03
2.752547913e+02;5.391906016e-04
2.754642029e+02;-6.121366168e-04
2.756736450e+02;-2.666329965e-05
2.758830872e+02;1.442239154e-04
2.760925598e+02;-2.051486867e-03
2.763020325e+02;5.403724499e-04
2.765115051e+02;-1.175140031e-03
2.767210083e+02;3.672749735e-04
2.769305420e+02;-3.708556760e-04
2.771400757e+02;-5.063475110e-04
2.773496094e+02;-2.927961759e-05
2.775591736e+02;8.479694370e-04
2.777687378e+02;-4.742811143e-04
2.779783325e+02;-2.788940677e-03
2.781879578e+02;7.601126563e-04
2.783975525e+02;-1.140601526e-04
2.786072083e+02;1.396739623e-03
2.788168640e+02;-2.034655306e-03
2.790265198e+02;-9.893334936e-04
2.792361755e+02;-1.245957683e-03
2.794458923e+02;3.484224726e-04
2.796555786e+02;1.070217695e-03
2.798652954e+02;-3.098477377e-03
2.800750427e+02;1.430357341e-03
2.802847900e+02;3.508762456e-04
2.804945679e+02;9.336613584e-04
2.807043457e+02;-7.811293472e-04
2.809141235e+02;-4.051142605e-04
2.811239319e+02;5.530721974e-04
2.813337402e+02;-7.492523873e-04
2.815435791e+02;5.892253830e-04
2.817534485e+02;5.393167958e-04
2.819632874e+02;8.815334877e-04
2.821731873e+02;1.139005530e-03
2.823830872e+02;-7.126752753e-04
2.825929871e+02;-5.945562152e-04
2.828029175e+02;-5.424013361e-04
2.830128479e+02;1.516157412e-03
2.832227783e+02;-2.618775237e-03
2.834327393e+02;1.771735027e-03
2.836427307e+02;5.369623541e-04
2.838527222e+02;-7.828434464e-04
2.840627441e+02;7.417291636e-05
2.842727661e+02;1.584187499e-03
2.844827881e+02;-7.307787891e-04
2.846928406e+02;-9.028749773e-04
2.849029236e+02;6.741321995e-04
2.851129761e+02;-1.652676146e-04
2.853230896e+02;-1.520739403e-03
2.855332031e+02;8.296854212e-04
2.857433167e+02;1.294261077e-03
2.859534607e+02;-7.475651801e-04
2.861636047e+02;-4.237140529e-04
2.863737793e+02;-5.434659543e-04
2.865839539e+02;3.340267576e-04
2.867941589e+02;6.099361926e-04
2.870043640e+02;-9.897125419e-04
2.872145691e+02;1.791705843e-03
2.874248047e+02;-2.136943862e-03
2.876350708e+02;1.156143844e-03
2.878453369e+02;-1.125763636e-03
2.880556030e+02;6.067967042e-04
2.882658997e+02;2.607819624e-04
2.884762268e+02;-1.449642237e-03
2.886865540e+02;1.996013103e-03
2.888968811e+02;4.352690885e-04
2.891072388e+02;-8.852405008e-04
2.893175964e+02;1.803953201e-04
2.895279846e+02;-7.994043408e-04
2.897383728e+02;5.735034938e-05
2.899487915e+02;1.514641801e-03
2.901592102e+02;-1.418847591e-03
2.903696594e+02;-9.894779650e-04
2.905801086e+02;4.073523451e-05
2.907905579e+02;1.275372575e-03
2.910010376e+02;8.627531934e-04
2.912115479e+02;7.620342076e-04
2.914220581e+02;1.928668469e-03
2.916325684e+02;1.462117070e-03
2.918431091e+02;9.207811672e-05
2.920536804e+02;-6.628299598e-04
2.922642212e+02;-4.401826300e-05
2.924748230e+02;-1.709333388e-03
2.926854248e+02;-9.382613935e-04
2.928960266e+02;-1.160455402e-03
2.931066284e+02;4.183291458e-04
2.933172913e+02;5.729892291e-04
2.935279236e+02;2.013656544e-03
2.937385864e+02;-3.203607630e-04
2.939492798e+02;1.431052224e-04
2.941599731e+02;-1.315142494e-03
2.943706970e+02;-3.377427347e-04
2.945814209e+02;-2.514736261e-04
2.947921448e+02;1.702541020e-03
2.950028992e+02;-4.737849813e-04
2.952136536e+02;-1.538960263e-03
2.954244385e+02;-4.074687604e-04
2.956352539e+02;-9.382253047e-04
2.958460388e+02;-5.088013713e-04
2.960568848e+02;9.151065024e-04
2.962677002e+02;-1.091739628e-03
2.964785767e+02;8.628524374e-04
2.966894226e+02;-1.864579855e-03
2.969002991e+02;-4.050601274e-04
2.971112061e+02;-1.811333350e-03
2.973221130e+02;-2.035836922e-03
2.975330505e+02;-1.335258130e-04
2.977439880e+02;-2.918939572e-05
2.979549255e+02;5.544795422e-04
2.981658936e+02;-7.313472452e-04
2.983768616e+02;4.025711678e-05
2.985878601e+02;1.428074902e-04
2.987988892e+02;-5.778599880e-04
2.990098877e+02;6.573637947e-04
2.992209473e+02;1.774486620e-03
2.994319763e+02;-6.967547815e-04
2.996430359e+02;-1.074619242e-03
2.998541260e+02;-4.623754648e-05
3.000652161e+02;-2.755160211e-03
3.002763367e+02;1.308990642e-03
3.004874573e+02;-9.654287715e-05
3.006985779e+02;2.298525069e-04
3.009097290e+02;-1.861358993e-03
3.011209106e+02;2.201438416e-03
3.013320923e+02;2.972059301e-04
3.015432739e+02;-1.244703773e-03
3.017544861e+02;-1.262004487e-03
3.019656982e+02;-1.365601318e-03
3.021769409e+02;-1.143037298e-04
3.023881836e+02;-9.619107004e-05
3.025994568e+02;-1.433261670e-03
3.028107300e+02;-2.492358908e-04
3.030220337e+02;-1.227149973e-03
3.032333374e+02;-5.402360111e-04
3.034446411e+02;-8.346012910e-04
3.036559753e+02;-4.398690653e-04
3.038673401e+02;1.909879153e-03
3.040787048e+02;-2.033518394e-03
3.042900696e+02;-4.411862465e-04
3.045014648e+02;1.240272541e-04
3.047128601e+02;-7.489636773e-04
3.049242859e+02;1.257548574e-03
3.051357117e+02;8.975531673e-04
3.053471680e+02;-4.063051310e-04
3.055586243e+02;-1.553987619e-03
3.057701111e+02;8.643862093e-04
3.059815979e+02;4.512254964e-04
3.061931152e+02;1.631663181e-04
3.064046326e+02;1.257503463e-04
3.066161499e+02;-1.261950238e-03
3.068276978e+02;-5.780223873e-04
3.070392761e+02;-1.500779763e-04
3.072508545e+02;-9.894147515e-04
3.074624329e+02;-6.787232123e-04
3.076740417e+02;-3.871459048e-04
3.078856506e+02;1.104613766e-04
3.080972900e+02;1.050589141e-03
3.083089294e+02;-1.520558959e-03
3.085205994e+02;-4.063231754e-04
3.087322693e+02;-5.773367011e-04
3.089439392e+02;-1.228629844e-03
3.091556702e+02;5.729622208e-04
3.093673706e+02;1.667732140e-03
3.095791016e+02;-1.030089334e-05
3.097908325e+02;4.715844989e-04
3.100025940e+02;-8.001892711e-04
3.102143860e+02;-1.039494528e-03
3.104261780e+02;1.396153006e-03
3.106379700e+02;2.811412560e-04
3.108497925e+02;-1.124726143e-03
3.110616150e+02;2.123172162e-04
3.112734680e+02;2.321100328e-03
3.114853210e+02;5.798181519e-05
3.116971741e+02;5.548675545e-04
3.119090576e+02;-1.196130412e-03
3.121209717e+02;-1.588462852e-03
3.123328857e+02;-4.064224195e-04
3.125447998e+02;-1.057309564e-03
3.127567444e+02;3.214206547e-03
3.129687195e+02;4.527592100e-04
3.131806641e+02;1.344656688e-03
3.133926697e+02;-2.344706154e-04
3.136046448e+02;-1.475790050e-04
3.138166809e+02;9.153410210e-04
3.140286865e+02;-5.260750186e-04
3.142407532e+02;3.692777827e-04
3.144527893e+02;3.960751928e-05
3.146648560e+02;1.802416518e-04
3.148769531e+02;3.835381940e-04
3.150890503e+02;4.861968337e-04
3.153011475e+02;4.700056743e-04
3.155132751e+02;-1.057372778e-03
3.157254028e+02;-1.865184400e-03
3.159375610e+02;6.424898747e-04
3.161497192e+02;-1.640680712e-03
3.163619080e+02;-1.194073353e-03
3.165740967e+02;-1.087887213e-03
3.167863159e+02;1.377940993e-03
3.169985352e+02;-2.120175399e-03
3.172107849e+02;-3.366691526e-04
3.174230347e+02;2.529213903e-03
3.176352844e+02;-5.604870967e-04
3.178475647e+02;5.772931036e-05
3.180598755e+02;9.233970195e-05
3.182721863e+02;1.979479101e-03
3.184844971e+02;-1.314068795e-03
3.186968384e+02;7.762946188e-04
3.189091797e+02;9.195180610e-05
3.191215515e+02;-3.209562274e-04
3.193339233e+02;2.167766215e-03
3.195462952e+02;-4.911668366e-04
3.197586975e+02;-1.692664227e-03
3.199711304e+02;-6.193236914e-05
3.201835632e+02;-1.862558885e-03
3.203960266e+02;1.171901939e-03
3.206084595e+02;7.596976357e-04
3.208209534e+02;1.103357645e-03
3.210334473e+02;-5.744495429e-04
3.212459412e+02;-2.390409820e-03
3.214584656e+02;-1.842227299e-03
3.216709900e+02;2.619188745e-04
3.218835449e+02;-1.414895989e-03
3.220960999e+02;-6.956360303e-04
3.223086548e+02;-1.605574158e-03
3.225212402e+02;5.808111746e-05
3.227338562e+02;3.678887151e-04
3.229464722e+02;-1.384913805e-03
3.231590881e+02;-1.074330648e-03
3.233717346e+02;1.939157955e-04
3.235843811e+02;6.227081176e-04
3.237970581e+02;-5.759925116e-04
3.240097351e+02;-1.077901106e-05
3.242224426e+02;-1.313753077e-03
3.244351501e+02;-1.301609445e-04
3.246478882e+02;-7.331515662e-04
3.248606262e+02;7.082825177e-04
3.250733948e+02;-4.038331099e-04
3.252861633e+02;-2.242272953e-03
3.254989319e+02;-2.157625277e-04
3.257117310e+02;1.084974152e-03
3.259245300e+02;-4.056194739e-04
3.261373596e+02;1.275841729e-03
3.263501892e+02;-2.343163360e-03
3.265630493e+02;9.005847387e-04
3.267759094e+02;-1.635355875e-04
3.269888000e+02;-1.828805776e-03
3.272016907e+02;8.961458225e-04
3.274146118e+02;9.289011359e-05
3.276275330e+02;9.858254343e-04
3.278404541e+02;-9.382703574e-04
3.280534058e+02;-4.236329114e-04
3.282663574e+02;-4.903636873e-04
3.284793396e+02;-1.071876381e-03
3.286923218e+02;-8.860073285e-04
3.289053345e+02;-7.974740583e-05
3.291183472e+02;7.098885253e-04
3.293313904e+02;-1.280387631e-03
3.295444336e+02;-2.276107669e-03
3.297575073e+02;-6.972870906e-04
3.299705811e+02;9.679198265e-04
3.301836548e+02;3.324209247e-04
3.303967590e+02;-6.110268878e-04
3.306098938e+02;-5.239190068e-04
3.308229980e+02;8.096420206e-04
3.310361633e+02;6.589065306e-04
3.312493286e+02;-4.574585182e-04
3.314624939e+02;-4.728105851e-04
3.316756592e+02;-3.723261179e-04
3.318888855e+02;-5.940780393e-04
3.321020813e+02;-1.639372669e-03
3.323153076e+02;-5.090359482e-04
3.325285645e+02;-2.170526132e-04
3.327418213e+02;-1.178135048e-03
3.329550781e+02;-1.142829889e-03
3.331683655e+02;-3.035319969e-05
3.333816528e+02;-1.006986131e-03
3.335949707e+02;1.224670210e-03
3.338082886e+02;7.618810050e-04
3.340216370e+02;1.308404142e-03
3.342349854e+02;-1.245389343e-03
3.344483337e+02;-1.554465853e-03
3.346617126e+02;-1.658369554e-03
3.348751221e+02;-5.070061889e-04
3.350885315e+02;-1.474886667e-04
3.353019409e+02;-1.536822296e-03
3.355153809e+02;5.966890603e-05
3.357288208e+02;8.301273920e-04
3.359422913e+02;-1.122488640e-03
3.361557617e+02;8.962810971e-04
3.363692627e+02;1.949532889e-04
3.365827637e+02;-1.040505012e-03
3.367962952e+02;-2.170535037e-03
3.370098267e+02;-1.023069024e-03
3.372233582e+02;2.634886769e-04
3.374369202e+02;-1.160184736e-03
3.376504822e+02;-1.555142459e-03
3.378640747e+02;8.633035468e-04
3.380776672e+02;-6.785339210e-04
3.382912903e+02;1.765068155e-04
3.385049133e+02;5.386944395e-04
3.387185669e+02;-1.554465853e-03
3.389322205e+02;-1.367017627e-03
3.391459045e+02;-1.126810210e-03
3.393595886e+02;2.518482506e-05
3.395732727e+02;2.965924796e-04
3.397869873e+02;4.699155688e-04
3.400007019e+02;1.936272020e-04
3.402144470e+02;-6.976298755e-04
3.404281921e+02;-9.201125940e-04
3.406419678e+02;1.263187150e-04
3.408557434e+02;-1.263592159e-03
3.410695496e+02;-3.192331642e-04
3.412833557e+02;-9.553816635e-04
3.414971619e+02;5.842372775e-05
3.417109985e+02;2.836531727e-03
3.419248657e+02;-2.052037045e-03
3.421387329e+02;-2.847397700e-04
3.423526001e+02;2.124796156e-04
3.425664978e+02;1.600820571e-03
3.427803955e+02;-3.719381930e-04
3.429943237e+02;-6.460073637e-04
3.432082520e+02;5.557425320e-04
3.434221802e+02;8.467696607e-04
3.436361389e+02;-3.002271987e-04
3.438501282e+02;1.774901757e-04
3.440641174e+02;-1.504151383e-03
3.442781067e+02;9.684250690e-04
3.444921265e+02;2.978013945e-04
3.447061462e+02;5.880886456e-04
3.449201965e+02;2.643186599e-04
3.451342468e+02;7.276942488e-04
3.453483276e+02;4.339878797e-04
3.455624084e+02;-1.264557475e-03
3.457764893e+02;8.119335980e-04
3.459906006e+02;1.774143893e-03
3.462047424e+02;-1.829653629e-04
3.464188538e+02;-4.719896242e-04
3.466330261e+02;-2.168901847e-04
3.468471985e+02;3.817067482e-04
3.470613708e+02;-4.556542262e-04
3.472755432e+02;7.078314666e-04
3.474897766e+02;-1.417386229e-03
3.477039795e+02;1.118240645e-03
3.479182129e+02;8.278631140e-04
3.481324768e+02;-1.658513793e-03
3.483467407e+02;1.154691447e-03
3.485610046e+02;-8.504856378e-04
3.487752991e+02;-6.627306575e-04
3.489895935e+02;-1.278457232e-03
3.492039185e+02;5.554178497e-04
3.494182434e+02;-1.504476182e-03
3.496325684e+02;-1.312977402e-04
3.498469543e+02;1.377643319e-03
3.500613098e+02;1.052501961e-03
3.502756958e+02;-1.040171133e-03
3.504900818e+02;1.994226594e-03
3.507044983e+02;-2.866705181e-04
3.509189453e+02;-6.118659512e-04
3.511333618e+02;2.655456774e-04
3.513478394e+02;5.213846453e-04
3.515622864e+02;3.352714702e-04
3.517767639e+02;2.795623732e-04
3.519912720e+02;2.809066791e-04
3.522057800e+02;1.516653690e-03
3.524202881e+02;-1.316351350e-03
3.526348267e+02;-1.691996586e-03
3.528493652e+02;-9.871413931e-04
3.530639343e+02;1.325281104e-03
3.532785339e+02;-6.798239192e-04
3.534931030e+02;-1.384652220e-03
3.537077026e+02;-1.435571117e-03
3.539223328e+02;2.197304275e-05
3.541369629e+02;2.119292039e-04
3.543515930e+02;2.046823502e-03
3.545662537e+02;-7.913389709e-05
3.547809448e+02;-2.348676207e-04
3.549956055e+02;3.984209616e-05
3.552103271e+02;-6.969622918e-04
3.554250183e+02;-4.564209667e-05
3.556397705e+02;-8.023995906e-04
3.558544922e+02;4.683728912e-04
3.560692444e+02;9.363889694e-05
3.562840271e+02;-5.254524876e-04
3.564988098e+02;8.626991184e-04
3.567135925e+02;6.429320201e-04
3.569284058e+02;-2.498317044e-04
3.571432190e+02;-9.647978004e-05
3.573580627e+02;5.782849621e-05
3.575729065e+02;2.187061124e-03
3.577877808e+02;5.055181682e-04
3.580026550e+02;7.594720228e-04
3.582175293e+02;9.676313493e-04
3.584324341e+02;-1.317488204e-04
3.586473694e+02;-7.991878374e-05
3.588622742e+02;1.343528973e-03
3.590772400e+02;-8.014432387e-04
3.592921753e+02;2.989922650e-04
3.595071716e+02;1.223316998e-03
3.597221375e+02;-2.353277523e-04
3.599371338e+02;-5.084675504e-04
3.601521606e+02;-5.928331520e-04
3.603671875e+02;-4.050781718e-04
3.605822144e+02;2.130931243e-04
3.607972717e+02;-1.667382894e-04
3.610123291e+02;3.496494610e-04
3.612274170e+02;1.327915350e-03
3.614425049e+02;-2.617918188e-03
3.616576233e+02;-6.285532145e-04
3.618727417e+02;1.515561948e-03
3.620878601e+02;-2.160421573e-04
3.623030090e+02;1.776255085e-04
3.625181885e+02;-1.146194991e-04
3.627333679e+02;-4.473095760e-05
3.629485474e+02;-1.133114565e-04
3.631637573e+02;1.926846104e-03
3.633789673e+02;-7.300300058e-04
3.635942078e+02;-1.821625046e-04
3.638094482e+02;-6.116584991e-04
3.640246887e+02;2.114330418e-04
3.642399597e+02;9.154313593e-04
3.644552612e+02;1.792313997e-04
3.646705322e+02;-3.190527204e-04
3.648858643e+02;-1.840570476e-04
3.651011658e+02;1.995011466e-03
3.653165283e+02;2.796074841e-04
3.655318604e+02;-1.568789128e-03
3.657472229e+02;-2.179817529e-04
3.659626160e+02;2.664588625e-03
3.661780090e+02;-4.738932475e-04
3.663934021e+02;-1.759828185e-03
3.666088257e+02;-1.399914036e-03
3.668242493e+02;-8.864854462e-04
3.670397034e+02;1.480987645e-03
3.672551575e+02;-3.027262865e-04
3.674706421e+02;-6.287698052e-04
3.676861267e+02;1.036572503e-03
3.679016113e+02;-1.589040156e-03
3.681171265e+02;2.814929467e-04
3.683326721e+02;1.877587056e-03
3.685481873e+02;-4.058449995e-04
3.687637634e+02;-1.178586157e-03
3.689793091e+02;-8.674706332e-04
3.691949158e+02;1.052339561e-03
3.694104919e+02;-2.174224792e-04
3.696260986e+02;-3.548449604e-04
3.698417358e+02;-1.228864305e-03
3.700573730e+02;4.340601154e-04
3.702730103e+02;1.413895981e-03
3.704886780e+02;4.868103424e-04
3.707043457e+02;-1.329799648e-03
3.709200439e+02;5.661055911e-05
3.711357422e+02;6.753861671e-04
3.713514404e+02;4.173818161e-04
3.715671692e+02;1.499542268e-03
3.717829285e+02;1.274100505e-03
3.719986877e+02;-6.621443899e-04
3.722144470e+02;-1.949234167e-03
3.724302368e+02;1.206999645e-03
3.726460266e+02;1.001556055e-03
3.728618469e+02;-5.436554202e-04
3.730776672e+02;7.088690181e-04
3.732935181e+02;1.307998318e-03
3.735093384e+02;4.195738584e-04
3.737252197e+02;4.528947175e-04
3.739411011e+02;1.034822315e-03
3.741569824e+02;9.328944143e-04
3.743728943e+02;2.065242967e-03
3.745888062e+02;1.138004242e-03
3.748047485e+02;9.196082829e-05
3.750206909e+02;-2.503821161e-04
3.752366333e+02;-6.124343490e-04
3.754526062e+02;-1.331929001e-03
3.756686096e+02;1.310894266e-03
3.758845825e+02;5.725201918e-04
3.761006165e+02;1.223001163e-03
3.763166199e+02;-1.229820657e-03
3.765326843e+02;-4.642754793e-04
3.767487183e+02;6.590147968e-04
3.769647827e+02;5.890720058e-04
3.771808777e+02;-8.864854462e-04
3.773969727e+02;6.229517749e-04
3.776130676e+02;-7.982403040e-04
3.778291931e+02;-4.576570354e-04
3.780453186e+02;5.652941763e-05
3.782614746e+02;1.944318297e-03
3.784776306e+02;5.421112292e-06
3.786937866e+02;-7.825907669e-04
3.789099731e+02;4.698885605e-04
3.791261902e+02;-2.885557478e-05
3.793424072e+02;-1.966931857e-03
3.795586243e+02;3.832134244e-04
3.797748718e+02;-9.794125799e-05
3.799911194e+02;-7.817065343e-04
3.802073669e+02;-6.969172391e-04
3.804236450e+02;5.712389247e-04
3.806399536e+02;4.680301063e-04
3.808562622e+02;2.063898835e-03
3.810725708e+02;-1.537787612e-03
3.812889099e+02;9.844718734e-04
3.815052490e+02;1.651450759e-03
3.817216187e+02;1.379519701e-03
3.819379883e+02;3.320329124e-04
3.821543884e+02;7.091847365e-04
3.823707886e+02;1.120261382e-03
3.825871887e+02;-4.748584761e-04
3.828036194e+02;1.342933625e-03
3.830200500e+02;1.000509597e-03
3.832365112e+02;-2.863818081e-04
3.834529724e+02;4.332750104e-04
3.836694641e+02;6.764417049e-04
3.838859558e+02;8.968132315e-04
3.841024475e+02;3.042480443e-03
3.843189697e+02;3.676761407e-03
3.845355225e+02;2.475336194e-03
3.847520752e+02;-1.021670643e-03
3.849686279e+02;1.273741946e-04
3.851851807e+02;9.091431275e-05
3.854017944e+02;3.329350147e-04
3.856183777e+02;-9.750481695e-06
3.858349915e+02;-1.244838815e-03
3.860516357e+02;-3.354239743e-04
3.862682495e+02;-1.651954371e-04
3.864849243e+02;-7.493967423e-04
3.867015991e+02;-7.962103700e-05
3.869182739e+02;8.787096012e-04
3.871349487e+02;8.991679642e-04
3.873516541e+02;6.928762887e-04
3.875683899e+02;-6.292479811e-04
3.877851257e+02;3.143443028e-04
3.880018616e+02;9.154674481e-04
3.882186279e+02;1.103935065e-03
3.884353943e+02;1.933745807e-04
3.886521912e+02;1.100940164e-03
3.888689880e+02;-6.976298755e-04
3.890858154e+02;1.433488214e-04
3.893026428e+02;1.087716781e-03
3.895194702e+02;7.609967724e-04
3.897363281e+02;9.670627769e-04
3.899531860e+02;1.594948117e-04
3.901700745e+02;-1.076096669e-05
3.903869629e+02;1.070993487e-03
3.906038818e+02;1.396910986e-03
3.908208008e+02;-1.383398194e-03
3.910377197e+02;4.528947175e-04
3.912546692e+02;-6.620722124e-04
3.914716187e+02;-6.352923810e-05
3.916885986e+02;3.492434626e-04
3.919055786e+02;1.188941067e-03
3.921225891e+02;-1.493472373e-04
3.923395996e+02;-5.778690102e-04
3.925566101e+02;-8.863681578e-04
3.927736511e+02;-1.314880792e-03
3.929907227e+02;-2.016741084e-03
3.932077942e+02;8.633125690e-04
3.934248657e+02;1.606584992e-04
3.936419373e+02;2.121096477e-04
3.938590698e+02;-1.534954645e-03
3.940761719e+02;1.360920025e-03
3.942933044e+02;-1.710262615e-03
3.945104675e+02;8.278719615e-04
3.947276001e+02;4.008478718e-04
3.949447937e+02;4.520644434e-04
3.951619568e+02;9.151786799e-04
3.953791809e+02;6.409109919e-04
3.955963745e+02;-4.904991947e-04
3.958135986e+02;-3.893381800e-04
3.960308533e+02;-2.691713162e-04
3.962480774e+02;2.638675505e-04
3.964653625e+02;1.412551501e-03
3.966826477e+02;1.051753177e-03
3.968999329e+02;1.855441835e-03
3.971172180e+02;1.120243338e-03
3.973345337e+02;-2.872478217e-04
3.975518799e+02;1.174437348e-03
3.977692261e+02;2.526471624e-03
3.979865723e+02;7.793349214e-04
3.982039490e+02;4.857186868e-04
3.984213257e+02;-1.481834915e-04
3.986387329e+02;-6.632088334e-04
3.988561401e+02;1.464543864e-03
3.990735474e+02;9.501319146e-04
3.992909851e+02;4.878118634e-04
3.995084534e+02;1.051744097e-03
3.997258911e+02;4.333383404e-04
3.999433899e+02;1.840649173e-03
4.001608582e+02;1.000554650e-03
4.003783875e+02;1.397704706e-03
4.005958862e+02;7.946328842e-04
4.008134155e+02;-4.744525068e-04
4.010309448e+02;-8.843652904e-04
4.012485046e+02;2.715543611e-03
4.014660950e+02;-3.204960958e-04
4.016836548e+02;1.094781328e-04
4.019012451e+02;-4.437007010e-05
4.021188660e+02;-2.120834077e-03
4.023364868e+02;2.116991905e-03
4.025541077e+02;5.375397159e-04
4.027717590e+02;8.831121959e-04
4.029894104e+02;7.606449071e-04
4.032070923e+02;1.156342449e-03
4.034247742e+02;-2.684766368e-04
4.036424866e+02;-1.075801090e-03
4.038601990e+02;4.519652866e-04
4.040779114e+02;2.809336875e-04
4.042956543e+02;-5.422751419e-04
4.045133972e+02;1.875268761e-03
4.047311707e+02;-7.156343199e-04
4.049489441e+02;2.169227693e-03
4.051667480e+02;1.254436211e-04
4.053845520e+02;-3.361729905e-04
4.056023560e+02;-5.409312434e-04
4.058201904e+02;5.214026896e-04
4.060380554e+02;2.135352697e-04
4.062558899e+02;5.222959444e-04
4.064737854e+02;2.117424970e-03
4.066916504e+02;-9.692269377e-04
4.069095459e+02;-5.246405490e-04
4.071274719e+02;2.065856475e-03
4.073453979e+02;8.485917933e-04
4.075633240e+02;1.550154295e-03
4.077812805e+02;8.463997510e-04
4.079992371e+02;5.258654710e-06
4.082171936e+02;6.405230961e-04
4.084351807e+02;1.036121277e-03
4.086531982e+02;1.704588998e-03
4.088712158e+02;-7.299040444e-04
4.090892334e+02;4.054582678e-05
4.093072815e+02;1.206512447e-03
4.095253296e+02;2.654283307e-04
4.097434082e+02;1.567103202e-03
4.099614868e+02;-1.316766429e-04
4.101795654e+02;2.443062374e-03
4.103976746e+02;8.300824556e-04
4.106157837e+02;1.445668750e-04
4.108339233e+02;9.647984989e-04
4.110520630e+02;1.773304655e-03
4.112702332e+02;2.475050278e-04
4.114884033e+02;2.032084856e-03
4.117066040e+02;1.498369500e-03
4.119247742e+02;1.909337938e-03
4.121430054e+02;2.457593568e-03
4.123612366e+02;8.986176690e-04
4.125794678e+02;2.804555406e-04
4.127976990e+02;1.262465375e-04
4.130159607e+02;4.674304277e-03
4.132342529e+02;1.567364903e-03
4.134525452e+02;4.295347258e-03
4.136708374e+02;1.791327260e-03
4.138891602e+02;2.048366470e-03
4.141074829e+02;1.532880822e-03
4.143258362e+02;1.893417444e-03
4.145441895e+02;3.984584007e-03
4.147625427e+02;3.842508886e-04
4.149809265e+02;1.857895753e-03
4.151993103e+02;1.875981456e-03
4.154177246e+02;1.343321521e-03
4.156361389e+02;2.081542276e-03
4.158545837e+02;1.668751705e-03
4.160730286e+02;2.905869856e-03
4.162914734e+02;1.585955499e-03
4.165099487e+02;1.893228036e-03
4.167284546e+02;2.459018957e-03
4.169469299e+02;3.953834530e-03
4.171654358e+02;6.065260968e-04
4.173839722e+02;5.840125959e-03
4.176025085e+02;2.613940742e-03
4.178210449e+02;3.181571607e-03
4.180396118e+02;4.089543130e-03
4.182582092e+02;3.933646716e-03
4.184767761e+02;3.901815508e-03
4.186953735e+02;3.452799050e-03
4.189140015e+02;4.706514534e-03
4.191326294e+02;5.273442250e-03
4.193512573e+02;5.839548539e-03
4.195699158e+02;4.260412417e-03
4.197886047e+02;5.994352978e-03
4.200072632e+02;7.177610882e-03
4.202259521e+02;6.233830005e-03
4.204446716e+02;6.611279212e-03
4.206633911e+02;6.733214948e-03
4.208821106e+02;6.611550227e-03
4.211008606e+02;6.799404509e-03
4.213196106e+02;9.186036885e-03
4.215383911e+02;6.780425552e-03
4.217571716e+02;7.246624678e-03
4.219759827e+02;7.691094186e-03
4.221947937e+02;7.915958762e-03
4.224136047e+02;8.055103943e-03
4.226324463e+02;9.339694865e-03
4.228512878e+02;1.005821489e-02
4.230701599e+02;9.133258834e-03
4.232890320e+02;1.242790744e-02
4.235079041e+02;1.084832009e-02
4.237268066e+02;9.716196917e-03
4.239457397e+02;1.175763551e-02
4.241646423e+02;1.235811878e-02
4.243836060e+02;9.683418088e-03
4.246025391e+02;1.307799108e-02
4.248215027e+02;1.318133622e-02
4.250404968e+02;1.349061169e-02
4.252594910e+02;1.297734492e-02
4.254784851e+02;1.493448205e-02
4.256975098e+02;1.517244242e-02
4.259165344e+02;1.613360643e-02
4.261355591e+02;1.546448004e-02
4.263546143e+02;1.944349706e-02
4.265737000e+02;1.795271412e-02
4.267927856e+02;1.778018661e-02
4.270118713e+02;1.965048350e-02
4.272309875e+02;1.882742904e-02
4.274501038e+02;1.987517811e-02
4.276692200e+02;2.126430348e-02
4.278883667e+02;2.177721635e-02
4.281075439e+02;2.206955291e-02
4.283267212e+02;2.486540377e-02
4.285458984e+02;2.730224095e-02
4.287650757e+02;2.448845096e-02
4.289843140e+02;2.635686472e-02
4.292035217e+02;2.869102359e-02
4.294227600e+02;2.889892086e-02
4.296419983e+02;2.994412556e-02
4.298612671e+02;3.196739778e-02
4.300805359e+02;3.032140434e-02
4.302998352e+02;3.344440833e-02
4.305191345e+02;3.462881595e-02
4.307384338e+02;3.500451148e-02
4.309577637e+02;3.661850467e-02
4.311771240e+02;3.855472058e-02
4.313964539e+02;3.900446743e-02
4.316158447e+02;4.135297239e-02
4.318352051e+02;4.524848983e-02
4.320545959e+02;4.473109916e-02
4.322740173e+02;4.819981381e-02
4.324934082e+02;4.812905937e-02
4.327128601e+02;5.084101856e-02
4.329322815e+02;5.262615159e-02
4.331517334e+02;5.269293487e-02
4.333712158e+02;5.540401116e-02
4.335906982e+02;5.830601603e-02
4.338101807e+02;5.972819030e-02
4.340296936e+02;6.037894264e-02
4.342492065e+02;6.348466128e-02
4.344687500e+02;6.662327051e-02
4.346882935e+02;6.844125688e-02
4.349078369e+02;7.005557418e-02
4.351274109e+02;7.213030010e-02
4.353470154e+02;7.604482025e-02
4.355665894e+02;7.650620490e-02
4.357862244e+02;8.074334264e-02
4.360058289e+02;8.365926892e-02
4.362254639e+02;8.508619666e-02
4.364451294e+02;9.150044620e-02
4.366647644e+02;8.736941218e-02
4.368844604e+02;9.375005215e-02
4.371041260e+02;9.848374128e-02
4.373238220e+02;9.851708263e-02
4.375435486e+02;1.033398956e-01
4.377632751e+02;1.071328446e-01
4.379830017e+02;1.094816774e-01
4.382027588e+02;1.129985303e-01
4.384225159e+02;1.145585328e-01
4.386423035e+02;1.175630689e-01
4.388620911e+02;1.220218465e-01
4.390818787e+02;1.257621348e-01
4.393016968e+02;1.307556182e-01
4.395215454e+02;1.302748919e-01
4.397413635e+02;1.337753832e-01
4.399612122e+02;1.432084888e-01
4.401810913e+02;1.419408470e-01
4.404009705e+02;1.468498260e-01
4.406208496e+02;1.511708498e-01
4.408407593e+02;1.547228098e-01
4.410606689e+02;1.638501137e-01
4.412806091e+02;1.612232774e-01
4.415005493e+02;1.671419740e-01
4.417205200e+02;1.754302084e-01
4.419404602e+02;1.810571551e-01
4.421604614e+02;1.859305203e-01
4.423804626e+02;1.884707510e-01
4.426004639e+02;1.952296942e-01
4.428204651e+02;2.080627382e-01
4.430404968e+02;2.112690061e-01
4.432605591e+02;2.200020999e-01
4.434806213e+02;2.193508744e-01
4.437006836e+02;2.278786600e-01
4.439207458e+02;2.373649031e-01
4.441408691e+02;2.438337356e-01
4.443609619e+02;2.500779331e-01
4.445810852e+02;2.592715025e-01
4.448012085e+02;2.634946704e-01
4.450213623e+02;2.750402689e-01
4.452415161e+02;2.831050754e-01
4.454617004e+02;2.960404158e-01
4.456818848e+02;2.993356287e-01
4.459020691e+02;3.110690117e-01
4.461222839e+02;3.207611144e-01
4.463424988e+02;3.336127102e-01
4.465627441e+02;3.463942409e-01
4.467829895e+02;3.561049998e-01
4.470032654e+02;3.721097112e-01
4.472235413e+02;3.820599914e-01
4.474438171e+02;3.940885663e-01
4.476641235e+02;4.099061787e-01
4.478844299e+02;4.237516820e-01
4.481047363e+02;4.422455728e-01
4.483250732e+02;4.522474706e-01
4.485454407e+02;4.689074159e-01
4.487658081e+02;4.818083048e-01
4.489861755e+02;4.983812571e-01
4.492065735e+02;5.101711154e-01
4.494269714e+02;5.323505998e-01
4.496473694e+02;5.441390276e-01
4.498677979e+02;5.587732792e-01
4.500882568e+02;5.770272017e-01
4.503086853e+02;5.886412263e-01
4.505291443e+02;6.022125483e-01
4.507496338e+02;6.208125949e-01
4.509701233e+02;6.371085644e-01
4.511906128e+02;6.455311179e-01
4.514111328e+02;6.621215343e-01
4.516316833e+02;6.741501093e-01
4.518522034e+02;6.908407211e-01
4.520727539e+02;6.962652206e-01
4.522933350e+02;7.065905929e-01
4.525139160e+02;7.158068419e-01
4.527344971e+02;7.250341773e-01
4.529551086e+02;7.321715355e-01
4.531757202e+02;7.435290217e-01
4.533963318e+02;7.457935214e-01
4.536169739e+02;7.522448897e-01
4.538376465e+02;7.573058605e-01
4.540583191e+02;7.628136277e-01
4.542789917e+02;7.590742111e-01
4.544996948e+02;7.615088820e-01
4.547203979e+02;7.610974312e-01
4.549411011e+02;7.582346201e-01
4.551618347e+02;7.531207204e-01
4.553825684e+02;7.438399792e-01
4.556033325e+02;7.405449152e-01
4.558240967e+02;7.406311631e-01
4.560448914e+02;7.319481969e-01
4.562656860e+02;7.223779559e-01
4.564864807e+02;7.135231495e-01
4.567073059e+02;7.036958337e-01
4.569281311e+02;6.910476089e-01
4.571489868e+02;6.760356426e-01
4.573698425e+02;6.626726389e-01
4.575906982e+02;6.588307023e-01
4.578115845e+02;6.355828047e-01
4.580324707e+02;6.269334555e-01
4.582533875e+02;6.105156541e-01
4.584743042e+02;5.968247056e-01
4.586952209e+02;5.799940825e-01
4.589161682e+02;5.688961744e-01
4.591371460e+02;5.492491126e-01
4.593580933e+02;5.240832567e-01
4.595791016e+02;5.130658746e-01
4.598000793e+02;4.923264980e-01
4.600210876e+02;4.799040556e-01
4.602421265e+02;4.712047279e-01
4.604631348e+02;4.614461362e-01
4.606842041e+02;4.475473166e-01
4.609052429e+02;4.309071004e-01
4.611263123e+02;4.269260764e-01
4.613474121e+02;4.138853848e-01
4.615685120e+02;3.991505206e-01
4.617896118e+02;3.922366500e-01
4.620107422e+02;3.875513077e-01
4.622318726e+02;3.704479039e-01
4.624530029e+02;3.669498861e-01
4.626741638e+02;3.577677906e-01
4.628953247e+02;3.466845155e-01
4.631165161e+02;3.492759466e-01
4.633377075e+02;3.390508294e-01
4.635589294e+02;3.342455924e-01
4.637801514e+02;3.282089531e-01
4.640013733e+02;3.267162144e-01
4.642226257e+02;3.180163205e-01
4.644438782e+02;3.181371391e-01
4.646651611e+02;3.076891899e-01
4.648864441e+02;3.089073002e-01
4.651077271e+02;3.050127923e-01
4.653290405e+02;2.995055020e-01
4.655503845e+02;3.014438748e-01
4.657716980e+02;2.951639891e-01
4.659930420e+02;2.955929339e-01
4.662144165e+02;2.890405655e-01
4.664357910e+02;2.926599681e-01
4.666571655e+02;2.903417945e-01
4.668785706e+02;2.844592631e-01
4.670999756e+02;2.825198770e-01
4.673214111e+02;2.749565840e-01
4.675428467e+02;2.818147540e-01
4.677642822e+02;2.762745321e-01
4.679857483e+02;2.762585878e-01
4.682072144e+02;2.738418281e-01
4.684287109e+02;2.655181885e-01
4.686502075e+02;2.687427402e-01
4.688717041e+02;2.665986717e-01
4.690932312e+02;2.578675449e-01
4.693147583e+02;2.613658011e-01
4.695363159e+02;2.550025284e-01
4.697578735e+02;2.544179261e-01
4.699794312e+02;2.508490980e-01
4.702010193e+02;2.452569604e-01
4.704226074e+02;2.447772622e-01
4.706442261e+02;2.423567176e-01
4.708658447e+02;2.395445704e-01
4.710874939e+02;2.373974621e-01
4.713091431e+02;2.280818820e-01
4.715307922e+02;2.249422073e-01
4.717524719e+02;2.247548997e-01
4.719741516e+02;2.205356807e-01
4.721958618e+02;2.139106840e-01
4.724175720e+02;2.135502845e-01
4.726392822e+02;2.052823305e-01
4.728610229e+02;2.046817392e-01
4.730827637e+02;2.008384168e-01
4.733045349e+02;1.964991987e-01
4.735263062e+02;1.909914762e-01
4.737480774e+02;1.889659762e-01
4.739698792e+02;1.839733422e-01
4.741916809e+02;1.782260984e-01
4.744135132e+02;1.737664044e-01
4.746353455e+02;1.716383845e-01
4.748571777e+02;1.703696847e-01
4.750790405e+02;1.657870710e-01
4.753009033e+02;1.622400433e-01
4.755227966e+02;1.565413773e-01
4.757446899e+02;1.558384299e-01
4.759666138e+02;1.509656310e-01
4.761885376e+02;1.452215016e-01
4.764104614e+02;1.433495134e-01
4.766324158e+02;1.397618651e-01
4.768543701e+02;1.380812228e-01
4.770763245e+02;1.338630319e-01
4.772983093e+02;1.333275437e-01
4.775203247e+02;1.296405792e-01
4.777423096e+02;1.278911978e-01
4.779643555e+02;1.242704242e-01
4.781863708e+02;1.243380457e-01
4.784084167e+02;1.219367683e-01
4.786304932e+02;1.185240895e-01
4.788525391e+02;1.171155423e-01
4.790746460e+02;1.179038137e-01
4.792967224e+02;1.156739220e-01
4.795188293e+02;1.144042611e-01
4.797409668e+02;1.125853658e-01
4.799631042e+02;1.131204292e-01
4.801852417e+02;1.102680713e-01
4.804073792e+02;1.090357006e-01
4.806295471e+02;1.071474329e-01
4.808517456e+02;1.080919802e-01
4.810739441e+02;1.049013212e-01
4.812961426e+02;1.041275337e-01
4.815183716e+02;1.073874310e-01
4.817406006e+02;1.067186818e-01
4.819628296e+02;1.048317924e-01
4.821850891e+02;1.060838997e-01
4.824073486e+02;1.026036590e-01
4.826296387e+02;1.020343155e-01
4.828519287e+02;1.035463363e-01
4.830742493e+02;1.039039418e-01
4.832965698e+02;1.038883626e-01
4.835188904e+02;1.045895591e-01
4.837412415e+02;1.009404510e-01
4.839635925e+02;1.023775637e-01
4.841859436e+02;1.015386283e-01
4.844083252e+02;1.037155017e-01
4.846307373e+02;1.012122631e-01
4.848531189e+02;1.001338288e-01
4.850755615e+02;1.016752273e-01
4.852979736e+02;1.003375724e-01
4.855204163e+02;1.020161733e-01
4.857428894e+02;1.004587188e-01
4.859653320e+02;9.925892204e-02
4.861878052e+02;1.000600681e-01
4.864103088e+02;1.000112817e-01
4.866328125e+02;9.987197071e-02
4.868553162e+02;1.008847877e-01
4.870778503e+02;9.807091206e-02
4.873003845e+02;1.003196239e-01
4.875229492e+02;9.898262471e-02
4.877455139e+02;9.879083186e-02
4.879680786e+02;9.951149672e-02
4.881906738e+02;1.000608951e-01
4.884132690e+02;1.000099108e-01
4.886358948e+02;9.709454328e-02
4.888585205e+02;1.033566743e-01
4.890811768e+02;9.976966679e-02
4.893038025e+02;9.860562533e-02
4.895264893e+02;9.927398711e-02
4.897491455e+02;9.652847797e-02
4.899718323e+02;9.594539553e-02
4.901945496e+02;9.682019800e-02
4.904172668e+02;9.961625189e-02
4.906399841e+02;1.013670713e-01
4.908627319e+02;1.017957404e-01
4.910854797e+02;9.748854488e-02
4.913082275e+02;9.980612993e-02
4.915310059e+02;9.681790322e-02
4.917537842e+02;9.664819390e-02
4.919765930e+02;9.961497039e-02
4.921994019e+02;9.971795976e-02
4.924222107e+02;9.892973304e-02
4.926450500e+02;9.867306799e-02
4.928678894e+02;9.894738346e-02
4.930907593e+02;9.937812388e-02
4.933136292e+02;1.010942534e-01
4.935365295e+02;1.013678163e-01
4.937594299e+02;9.754060209e-02
4.939823303e+02;1.024324223e-01
4.942052612e+02;1.027726457e-01
4.944281921e+02;1.009035558e-01
4.946511230e+02;1.036116481e-01
4.948740845e+02;1.038046330e-01
4.950970459e+02;1.039408594e-01
4.953200378e+02;1.059284806e-01
4.955430298e+02;1.030979007e-01
4.957660522e+02;1.086412743e-01
4.959890747e+02;1.090183556e-01
4.962120972e+02;1.105430946e-01
4.964351501e+02;1.117273271e-01
4.966582031e+02;1.119849682e-01
4.968812561e+02;1.127931103e-01
4.971043396e+02;1.106495112e-01
4.973274231e+02;1.156746149e-01
4.975505371e+02;1.170463115e-01
4.977736511e+02;1.185887903e-01
4.979967957e+02;1.227441281e-01
4.982199402e+02;1.189363003e-01
4.984430847e+02;1.234629825e-01
4.986662598e+02;1.236176789e-01
4.988894348e+02;1.230181679e-01
4.991126099e+02;1.267054975e-01
4.993358154e+02;1.294701248e-01
4.995590210e+02;1.302609593e-01
4.997822571e+02;1.343227476e-01
5.000054932e+02;1.345464736e-01
5.002287598e+02;1.361235380e-01
5.004520264e+02;1.362647563e-01
5.006752930e+02;1.374966651e-01
5.008985901e+02;1.453035623e-01
5.011218872e+02;1.479285508e-01
5.013451843e+02;1.478090584e-01
5.015685120e+02;1.416675299e-01
5.017918396e+02;1.473289877e-01
5.020151978e+02;1.475327164e-01
5.022385559e+02;1.527160108e-01
5.024619446e+02;1.559905708e-01
5.026853333e+02;1.539516449e-01
5.029087219e+02;1.581874937e-01
5.031321411e+02;1.581531018e-01
5.033555603e+02;1.661307663e-01
5.035789795e+02;1.649651676e-01
5.038024292e+02;1.656357348e-01
5.040258789e+02;1.679161042e-01
5.042493591e+02;1.710540205e-01
5.044728394e+02;1.715718359e-01
5.046963501e+02;1.720159650e-01
5.049198608e+02;1.787061542e-01
5.051433716e+02;1.797890961e-01
5.053669128e+02;1.834588200e-01
5.055904541e+02;1.832192540e-01
5.058139954e+02;1.861699373e-01
5.060375671e+02;1.915401369e-01
5.062611389e+02;1.893952489e-01
5.064847412e+02;1.922469139e-01
5.067083435e+02;1.928264797e-01
5.069319458e+02;1.959825307e-01
5.071555786e+02;1.977337301e-01
5.073792419e+02;2.015754133e-01
5.076028748e+02;2.063462138e-01
5.078265381e+02;2.028618604e-01
5.080502319e+02;2.107039988e-01
5.082739258e+02;2.149062604e-01
5.084976196e+02;2.130035013e-01
5.087213135e+02;2.142035961e-01
5.089450684e+02;2.212206125e-01
5.091687927e+02;2.221279144e-01
5.093925476e+02;2.246365994e-01
5.096163025e+02;2.316340804e-01
5.098400879e+02;2.283919752e-01
5.100638733e+02;2.314796746e-01
5.102876587e+02;2.350300848e-01
5.105114746e+02;2.365430743e-01
5.107352905e+02;2.423926592e-01
5.109591370e+02;2.423744649e-01
5.111829834e+02;2.447070479e-01
5.114068298e+02;2.470557690e-01
5.116307068e+02;2.478817701e-01
5.118545837e+02;2.498545945e-01
5.120784912e+02;2.538167238e-01
5.123023682e+02;2.523598969e-01
5.125263062e+02;2.555671036e-01
5.127502441e+02;2.547426224e-01
5.129741821e+02;2.599926591e-01
5.131981201e+02;2.596012652e-01
5.134221191e+02;2.652969062e-01
5.136460571e+02;2.635464668e-01
5.138700562e+02;2.648158669e-01
5.140940552e+02;2.712489665e-01
5.143181152e+02;2.709058225e-01
5.145421143e+02;2.715407014e-01
5.147661743e+02;2.747822106e-01
5.149902344e+02;2.770480514e-01
5.152142944e+02;2.788327038e-01
5.154383545e+02;2.793461084e-01
5.156624756e+02;2.853672504e-01
5.158865356e+02;2.856588662e-01
5.161106567e+02;2.830516100e-01
5.163347778e+02;2.853502035e-01
5.165588989e+02;2.826051712e-01
5.167830811e+02;2.938416302e-01
5.170072021e+02;2.881478667e-01
5.172313843e+02;2.949919403e-01
5.174555664e+02;2.931928039e-01
5.176798096e+02;2.999874651e-01
5.179039917e+02;3.028869629e-01
5.181282349e+02;3.012746572e-01
5.183524170e+02;3.017342985e-01
5.185766602e+02;3.036032021e-01
5.188009644e+02;3.042918444e-01
5.190252075e+02;3.067090809e-01
5.192495117e+02;3.011012375e-01
5.194738159e+02;3.099207282e-01
5.196981201e+02;3.081867993e-01
5.199224243e+02;3.138139546e-01
5.201467285e+02;3.129552007e-01
5.203710938e+02;3.175989985e-01
5.205954590e+02;3.177264035e-01
5.208198242e+02;3.198361695e-01
5.210441895e+02;3.200252354e-01
5.212685547e+02;3.222706020e-01
5.214929810e+02;3.172617853e-01
5.217173462e+02;3.217563331e-01
5.219417725e+02;3.216529489e-01
5.221662598e+02;3.230597675e-01
5.223906860e+02;3.241092563e-01
5.226151733e+02;3.323765397e-01
5.228395996e+02;3.293899596e-01
5.230640869e+02;3.271447718e-01
5.232885742e+02;3.281234801e-01
5.235131226e+02;3.332007527e-01
5.237376099e+02;3.304023445e-01
5.239621582e+02;3.320693374e-01
5.241867065e+02;3.331484497e-01
5.244112549e+02;3.333408535e-01
5.246358032e+02;3.316023946e-01
5.248604126e+02;3.377309144e-01
5.250850220e+02;3.347779214e-01
5.253096313e+02;3.393420875e-01
5.255342407e+02;3.392910063e-01
5.257588501e+02;3.388599157e-01
5.259835205e+02;3.445741832e-01
5.262081299e+02;3.429808021e-01
5.264328003e+02;3.451927900e-01
5.266574707e+02;3.442137837e-01
5.268821411e+02;3.439562917e-01
5.271068726e+02;3.464775681e-01
5.273316040e+02;3.465305567e-01
5.275563354e+02;3.475607038e-01
5.277810669e+02;3.540799022e-01
5.280057983e+02;3.520207405e-01
5.282305298e+02;3.486589789e-01
5.284553223e+02;3.521412909e-01
5.286801147e+02;3.524156213e-01
5.289049072e+02;3.579216301e-01
5.291296997e+02;3.517287076e-01
5.293545532e+02;3.571484387e-01
5.295793457e+02;3.508362770e-01
5.298041992e+02;3.615943193e-01
5.300290527e+02;3.538924456e-01
5.302539062e+02;3.628652990e-01
5.304788208e+02;3.572383225e-01
5.307036743e+02;3.621419072e-01
5.309285889e+02;3.622126877e-01
5.311535034e+02;3.636186719e-01
5.313784180e+02;3.662098646e-01
5.316033936e+02;3.675986230e-01
5.318283081e+02;3.678886592e-01
5.320532837e+02;3.652144074e-01
5.322782593e+02;3.648190796e-01
5.325032349e+02;3.641154468e-01
5.327282104e+02;3.696918488e-01
5.329532471e+02;3.683003187e-01
5.331782837e+02;3.678743541e-01
5.334033203e+02;3.711500764e-01
5.336283569e+02;3.656261265e-01
5.338533936e+02;3.718720376e-01
5.340784912e+02;3.710986972e-01
5.343035278e+02;3.744109571e-01
5.345286255e+02;3.743757606e-01
5.347537842e+02;3.731408417e-01
5.349788818e+02;3.758193552e-01
5.352039795e+02;3.760415912e-01
5.354291382e+02;3.747350574e-01
5.356542969e+02;3.813238740e-01
5.358794556e+02;3.817549944e-01
5.361046143e+02;3.815631568e-01
5.363298340e+02;3.854756951e-01
5.365549927e+02;3.812381327e-01
5.367802124e+02;3.802263439e-01
5.370054321e+02;3.813775480e-01
5.372307129e+02;3.895074129e-01
5.374559326e+02;3.837794960e-01
5.376812134e+02;3.861957192e-01
5.379064331e+02;3.872438371e-01
5.381317139e+02;3.842402399e-01
5.383570557e+02;3.847213984e-01
5.385823364e+02;3.855256438e-01
5.388076782e+02;3.891288936e-01
5.390330200e+02;3.866954744e-01
5.392583618e+02;3.897308111e-01
5.394837036e+02;3.922539353e-01
5.397090454e+02;3.900215626e-01
5.399344482e+02;3.857345879e-01
5.401597900e+02;3.953408599e-01
5.403851929e+02;3.948075473e-01
5.406106567e+02;3.920454681e-01
5.408360596e+02;3.883066177e-01
5.410614624e+02;3.961637914e-01
5.412869263e+02;3.944143653e-01
5.415123901e+02;3.952379823e-01
5.417378540e+02;3.980520964e-01
5.419633789e+02;3.980184793e-01
5.421888428e+02;4.020830095e-01
5.424143677e+02;4.057372212e-01
5.426398926e+02;4.033198357e-01
5.428654175e+02;4.044689238e-01
5.430909424e+02;4.026146829e-01
5.433164673e+02;4.027512968e-01
5.435420532e+02;4.051196873e-01
5.437676392e+02;4.075029790e-01
5.439932251e+02;4.059268534e-01
5.442188110e+02;4.104908407e-01
5.444444580e+02;4.123424292e-01
5.446700439e+02;4.104222655e-01
5.448956909e+02;4.074735045e-01
5.451213379e+02;4.082928896e-01
5.453469849e+02;4.085180461e-01
5.455726929e+02;4.172325134e-01
5.457983398e+02;4.094944894e-01
5.460240479e+02;4.121211469e-01
5.462497559e+02;4.148467779e-01
5.464754639e+02;4.163908362e-01
5.467012329e+02;4.161339104e-01
5.469269409e+02;4.177280068e-01
5.471527100e+02;4.139208198e-01
5.473784790e+02;4.204400778e-01
5.476042480e+02;4.269269109e-01
5.478300171e+02;4.209897220e-01
5.480558472e+02;4.239046574e-01
5.482816772e+02;4.247311354e-01
5.485075073e+02;4.242157936e-01
5.487333374e+02;4.329290986e-01
5.489591675e+02;4.289500415e-01
5.491849976e+02;4.294497371e-01
5.494108887e+02;4.284699559e-01
5.496367798e+02;4.334441423e-01
5.498626709e+02;4.295357168e-01
5.500885620e+02;4.309411049e-01
5.503145142e+02;4.291228056e-01
5.505404053e+02;4.304087460e-01
5.507663574e+02;4.305629134e-01
5.509923096e+02;4.277663529e-01
5.512182617e+02;4.333917797e-01
5.514442749e+02;4.345079064e-01
5.516702271e+02;4.290339947e-01
5.518962402e+02;4.345422685e-01
5.521222534e+02;4.298414588e-01
5.523482666e+02;4.343014657e-01
5.525743408e+02;4.355559945e-01
5.528003540e+02;4.338740110e-01
5.530264282e+02;4.325881898e-01
5.532525024e+02;4.366178811e-01
5.534785767e+02;4.404615760e-01
5.537046509e+02;4.403936863e-01
5.539307861e+02;4.363277853e-01
5.541569214e+02;4.426745474e-01
5.543829956e+02;4.371522665e-01
5.546091919e+02;4.396207631e-01
5.548353271e+02;4.399995804e-01
5.550614624e+02;4.384372532e-01
5.552876587e+02;4.425045848e-01
5.555138550e+02;4.396377504e-01
5.557400513e+02;4.403587580e-01
5.559662476e+02;4.451279938e-01
5.561924438e+02;4.417312145e-01
5.564187012e+02;4.430016279e-01
5.566449585e+02;4.444953799e-01
5.568712158e+02;4.445282817e-01
5.570974731e+02;4.450775683e-01
5.573237305e+02;4.454529881e-01
5.575500488e+02;4.395028651e-01
5.577763672e+02;4.423158467e-01
5.580026855e+02;4.385751188e-01
5.582290039e+02;4.417490661e-01
5.584553223e+02;4.434642196e-01
5.586817017e+02;4.460196793e-01
5.589080200e+02;4.441162944e-01
5.591343994e+02;4.405140579e-01
5.593607788e+02;4.420570433e-01
5.595872192e+02;4.444245398e-01
5.598135986e+02;4.411832094e-01
5.600400391e+02;4.459160566e-01
5.602664795e+02;4.483711123e-01
5.604929199e+02;4.496394396e-01
5.607193604e+02;4.506898522e-01
5.609458008e+02;4.535346925e-01
5.611723022e+02;4.444244504e-01
5.613988037e+02;4.418364465e-01
5.616253052e+02;4.473234415e-01
5.618518066e+02;4.454196990e-01
5.620783081e+02;4.479604363e-01
5.623048706e+02;4.478047192e-01
5.625314331e+02;4.428133368e-01
5.627579956e+02;4.528317750e-01
5.629845581e+02;4.464330971e-01
5.632111206e+02;4.451460242e-01
5.634377441e+02;4.474112093e-01
5.636643066e+02;4.493318200e-01
5.638909302e+02;4.514788687e-01
5.641175537e+02;4.505506456e-01
5.643442383e+02;4.476679564e-01
5.645708618e+02;4.516486228e-01
5.647975464e+02;4.448880851e-01
5.650241699e+02;4.486466050e-01
5.652509155e+02;4.464845359e-01
5.654776001e+02;4.476349652e-01
5.657042847e+02;4.454900324e-01
5.659310303e+02;4.512336552e-01
5.661577759e+02;4.430679679e-01
5.663845215e+02;4.428469539e-01
5.666112671e+02;4.423671365e-01
5.668380127e+02;4.459010363e-01
5.670648193e+02;4.412348270e-01
5.672915649e+02;4.449916780e-01
5.675183716e+02;4.487309456e-01
5.677451782e+02;4.451972246e-01
5.679720459e+02;4.483539164e-01
5.681988525e+02;4.492642879e-01
5.684257202e+02;4.457652867e-01
5.686525879e+02;4.485243559e-01
5.688794556e+02;4.397768676e-01
5.691063232e+02;4.508420825e-01
5.693331909e+02;4.436183870e-01
5.695601196e+02;4.454046488e-01
5.697870483e+02;4.478216171e-01
5.700139771e+02;4.533973634e-01
5.702409058e+02;4.445113838e-01
5.704678345e+02;4.476357400e-01
5.706948242e+02;4.465871751e-01
5.709218140e+02;4.428126514e-01
5.711488037e+02;4.409594536e-01
5.713757935e+02;4.441535473e-01
5.716027832e+02;4.434486628e-01
5.718298340e+02;4.438075721e-01
5.720568237e+02;4.446469843e-01
5.722838745e+02;4.367560446e-01
5.725109253e+02;4.425376356e-01
5.727380371e+02;4.469805062e-01
5.729650879e+02;4.387445450e-01
5.731921997e+02;4.443241358e-01
5.734193115e+02;4.411805868e-01
5.736464233e+02;4.441170096e-01
5.738735352e+02;4.430188239e-01
5.741006470e+02;4.411483407e-01
5.743278198e+02;4.423336089e-01
5.745549927e+02;4.434123933e-01
5.747821655e+02;4.404609203e-01
5.750093384e+02;4.430707395e-01
5.752365112e+02;4.429642856e-01
5.754637451e+02;4.414395690e-01
5.756909180e+02;4.405306876e-01
5.759181519e+02;4.391748309e-01
5.761453857e+02;4.400845766e-01
5.763726807e+02;4.381102622e-01
5.765999146e+02;4.386256933e-01
5.768272095e+02;4.426087439e-01
5.770545044e+02;4.355557561e-01
5.772817993e+02;4.389354885e-01
5.775090942e+02;4.409081340e-01
5.777363892e+02;4.363948107e-01
5.779637451e+02;4.356067479e-01
5.781911011e+02;4.320047796e-01
5.784184570e+02;4.423327744e-01
5.786458130e+02;4.331528842e-01
5.788731689e+02;4.348537922e-01
5.791005859e+02;4.305462837e-01
5.793279419e+02;4.337533414e-01
5.795553589e+02;4.340624213e-01
5.797827759e+02;4.383856952e-01
5.800102539e+02;4.355022907e-01
5.802376709e+02;4.378708899e-01
5.804651489e+02;4.327918887e-01
5.806926270e+02;4.299109578e-01
5.809201050e+02;4.321445227e-01
5.811475830e+02;4.412172437e-01
5.813750610e+02;4.300651848e-01
5.816026001e+02;4.332574606e-01
5.818301392e+02;4.311832190e-01
5.820576782e+02;4.345598519e-01
5.822852173e+02;4.337033033e-01
5.825127563e+02;4.337011874e-01
5.827403564e+02;4.400326908e-01
5.829678955e+02;4.348002076e-01
5.831954956e+02;4.324670434e-01
5.834230957e+02;4.332050681e-01
5.836507568e+02;4.352658987e-01
5.838783569e+02;4.320374131e-01
5.841060181e+02;4.284011424e-01
5.843336182e+02;4.320185184e-01
5.845612793e+02;4.254173338e-01
5.847890015e+02;4.313685596e-01
5.850166626e+02;4.284873903e-01
5.852443848e+02;4.300490618e-01
5.854720459e+02;4.320910573e-01
5.856997681e+02;4.322773218e-01
5.859274902e+02;4.262402058e-01
5.861552734e+02;4.313873947e-01
5.863829956e+02;4.277142286e-01
5.866107788e+02;4.240256846e-01
5.868385620e+02;4.268914759e-01
5.870663452e+02;4.294666350e-01
5.872941284e+02;4.255375564e-01
5.875219727e+02;4.303933680e-01
5.877497559e+02;4.274420440e-01
5.879776001e+02;4.292759895e-01
5.882054443e+02;4.214365780e-01
5.884332886e+02;4.252270758e-01
5.886611938e+02;4.273368418e-01
5.888890381e+02;4.288465083e-01
5.891169434e+02;4.249355793e-01
5.893448486e+02;4.237184227e-01
5.895727539e+02;4.225337207e-01
5.898006592e+02;4.227401018e-01
5.900286255e+02;4.228762388e-01
5.902565308e+02;4.249851108e-01
5.904844971e+02;4.220174253e-01
5.907124634e+02;4.228431582e-01
5.909404907e+02;4.186747968e-01
5.911684570e+02;4.161536992e-01
5.913964844e+02;4.164943695e-01
5.916244507e+02;4.233056009e-01
5.918524780e+02;4.198395312e-01
5.920805664e+02;4.186234474e-01
5.923085938e+02;4.209036529e-01
5.925366211e+02;4.198221862e-01
5.927647095e+02;4.215024710e-01
5.929927979e+02;4.159438908e-01
5.932208862e+02;4.133389592e-01
5.934489746e+02;4.157379866e-01
5.936771240e+02;4.168026447e-01
5.939052124e+02;4.144003391e-01
5.941333618e+02;4.132845402e-01
5.943615112e+02;4.101463258e-01
5.945896606e+02;4.127208292e-01
5.948178711e+02;4.083645940e-01
5.950460205e+02;4.075040817e-01
5.952742310e+02;4.137150347e-01
5.955024414e+02;4.100790024e-01
5.957306519e+02;4.076587856e-01
5.959588623e+02;4.046218991e-01
5.961871338e+02;4.058907628e-01
5.964154053e+02;4.064221382e-01
5.966436768e+02;4.091865122e-01
5.968719482e+02;4.004375935e-01
5.971002197e+02;4.093253613e-01
5.973284912e+02;4.025651217e-01
5.975568237e+02;3.992357850e-01
5.977851562e+02;4.002120793e-01
5.980134888e+02;4.013133645e-01
5.982418213e+02;3.977939785e-01
5.984701538e+02;3.989616036e-01
5.986985474e+02;3.972285390e-01
5.989268799e+02;3.986163735e-01
5.991552734e+02;3.896095753e-01
5.993836670e+02;3.963699043e-01
5.996120605e+02;3.940035701e-01
5.998405151e+02;3.912748098e-01
6.000689087e+02;3.924938738e-01
6.002973633e+02;3.851498961e-01
6.005258179e+02;3.886347115e-01
6.007542725e+02;3.897653520e-01
6.009827881e+02;3.865227401e-01
6.012112427e+02;3.883392215e-01
6.014397583e+02;3.833999038e-01
6.016682739e+02;3.781846166e-01
6.018967896e+02;3.835555315e-01
6.021253052e+02;3.851325214e-01
6.023538818e+02;3.806898296e-01
6.025823975e+02;3.804689050e-01
6.028109741e+02;3.754391670e-01
6.030395508e+02;3.817694485e-01
6.032681885e+02;3.744446337e-01
6.034967651e+02;3.768114448e-01
6.037253418e+02;3.768307567e-01
6.039539795e+02;3.765365481e-01
6.041826172e+02;3.718023002e-01
6.044112549e+02;3.740521669e-01
6.046399536e+02;3.698287606e-01
6.048685913e+02;3.701700866e-01
6.050972900e+02;3.668091297e-01
6.053259888e+02;3.660205305e-01
6.055546875e+02;3.685605526e-01
6.057833862e+02;3.692270815e-01
6.060120850e+02;3.620224297e-01
6.062408447e+02;3.646987081e-01
6.064696045e+02;3.650094271e-01
6.066983643e+02;3.636184037e-01
6.069271240e+02;3.552633226e-01
6.071558838e+02;3.549888134e-01
6.073846436e+02;3.512495160e-01
6.076134644e+02;3.574584424e-01
6.078422852e+02;3.538383245e-01
6.080711060e+02;3.506150544e-01
6.082999268e+02;3.528089225e-01
6.085288086e+02;3.533750772e-01
6.087576294e+02;3.495678604e-01
6.089865112e+02;3.475943804e-01
6.092153931e+02;3.401332796e-01
6.094442749e+02;3.502191305e-01
6.096731567e+02;3.461358845e-01
6.099020996e+02;3.463082612e-01
6.101310425e+02;3.437518775e-01
6.103599854e+02;3.414175808e-01
6.105889282e+02;3.357225955e-01
6.108178711e+02;3.354140222e-01
6.110468140e+02;3.381745219e-01
6.112758179e+02;3.331499696e-01
6.115048218e+02;3.367852569e-01
6.117338257e+02;3.376624584e-01
6.119628296e+02;3.252913952e-01
6.121918335e+02;3.297002614e-01
6.124208984e+02;3.228203356e-01
6.126499023e+02;3.292707503e-01
6.128789673e+02;3.234729469e-01
6.131080322e+02;3.249315917e-01
6.133370972e+02;3.224080801e-01
6.135662231e+02;3.212938309e-01
6.137953491e+02;3.164048195e-01
6.140244141e+02;3.156659901e-01
6.142535400e+02;3.183780015e-01
6.144826660e+02;3.208147585e-01
6.147118530e+02;3.126125932e-01
6.149409790e+02;3.138468564e-01
6.151701660e+02;3.113090098e-01
6.153993530e+02;3.073114157e-01
6.156285400e+02;3.026451170e-01
6.158577271e+02;3.106225133e-01
6.160869751e+02;3.047576845e-01
6.163161621e+02;3.071739078e-01
6.165454102e+02;3.041052520e-01
6.167746582e+02;3.076030314e-01
6.170039062e+02;3.041560352e-01
6.172331543e+02;3.064720929e-01
6.174624634e+02;2.977567911e-01
6.176917725e+02;2.983727157e-01
6.179210815e+02;2.966232002e-01
6.181503906e+02;2.951466143e-01
6.183796997e+02;2.975150347e-01
6.186090088e+02;2.952670455e-01
6.188383789e+02;2.945483327e-01
6.190677490e+02;2.972570658e-01
6.192971191e+02;2.886961997e-01
6.195264893e+02;2.917845249e-01
6.197558594e+02;2.852831185e-01
6.199852905e+02;2.847509980e-01
6.202146606e+02;2.842191160e-01
6.204440918e+02;2.869459689e-01
6.206735229e+02;2.773728967e-01
6.209029541e+02;2.871169150e-01
6.211324463e+02;2.763958275e-01
6.213618774e+02;2.818686962e-01
6.215913696e+02;2.785914540e-01
6.218208618e+02;2.767723799e-01
6.220503540e+02;2.753992975e-01
6.222799072e+02;2.752633691e-01
6.225093994e+02;2.711962759e-01
6.227389526e+02;2.723479271e-01
6.229685059e+02;2.682816982e-01
6.231980591e+02;2.705962658e-01
6.234276123e+02;2.669414878e-01
6.236571655e+02;2.663268447e-01
6.238867798e+02;2.700134516e-01
6.241163940e+02;2.702544034e-01
6.243460083e+02;2.652457952e-01
6.245756226e+02;2.651403248e-01
6.248052368e+02;2.623641491e-01
6.250349121e+02;2.646766901e-01
6.252645264e+02;2.590675354e-01
6.254942017e+02;2.646606565e-01
6.257238770e+02;2.557743490e-01
6.259535522e+02;2.571116388e-01
6.261832886e+02;2.585350871e-01
6.264129639e+02;2.590164244e-01
6.266427002e+02;2.545565665e-01
6.268724365e+02;2.541617155e-01
6.271021729e+02;2.534393370e-01
6.273319092e+02;2.531503737e-01
6.275617065e+02;2.497510314e-01
6.277914429e+02;2.486009896e-01
6.280212402e+02;2.496662140e-01
6.282510376e+02;2.492728382e-01
6.284808350e+02;2.473663241e-01
6.287106934e+02;2.467485815e-01
6.289404907e+02;2.487576157e-01
6.291703491e+02;2.497526705e-01
6.294002075e+02;2.434203476e-01
6.296300659e+02;2.458235323e-01
6.298599243e+02;2.412253320e-01
6.300898438e+02;2.463378459e-01
6.303197021e+02;2.406947166e-01
6.305496216e+02;2.387367636e-01
6.307795410e+02;2.405389100e-01
6.310094604e+02;2.435565889e-01
6.312394409e+02;2.401784509e-01
6.314693604e+02;2.359234989e-01
6.316993408e+02;2.351865768e-01
6.319293213e+02;2.312398404e-01
6.321593018e+02;2.327701300e-01
6.323892822e+02;2.307250649e-01
6.326192627e+02;2.310022861e-01
6.328493042e+02;2.287675142e-01
6.330793457e+02;2.281170934e-01
6.333093872e+02;2.283229530e-01
6.335394287e+02;2.275351137e-01
6.337694702e+02;2.255437672e-01
6.339995728e+02;2.268310040e-01
6.342296143e+02;2.227642387e-01
6.344597168e+02;2.221129835e-01
6.346898193e+02;2.220610082e-01
6.349199219e+02;2.223353684e-01
6.351500854e+02;2.193497121e-01
6.353801880e+02;2.200026214e-01
6.356103516e+02;2.162285298e-01
6.358405151e+02;2.196765840e-01
6.360706787e+02;2.131904215e-01
6.363008423e+02;2.119906247e-01
6.365310669e+02;2.164183259e-01
6.367612305e+02;2.151672840e-01
6.369914551e+02;2.130878866e-01
6.372216797e+02;2.121445686e-01
6.374519043e+02;2.069807351e-01
6.376821899e+02;2.072751820e-01
6.379124146e+02;2.038245648e-01
6.381427002e+02;2.026922256e-01
6.383729858e+02;1.963091940e-01
6.386032715e+02;2.011480331e-01
6.388335571e+02;1.960701793e-01
6.390638428e+02;1.969952732e-01
6.392941895e+02;1.910888404e-01
6.395245361e+02;1.912135780e-01
6.397548828e+02;1.930951327e-01
6.399852295e+02;1.909199208e-01
6.402155762e+02;1.870049685e-01
6.404459839e+02;1.880852282e-01
6.406763306e+02;1.858462989e-01
6.409067383e+02;1.831004173e-01
6.411371460e+02;1.824537963e-01
6.413675537e+02;1.835596859e-01
6.415980225e+02;1.745806485e-01
6.418284302e+02;1.722921282e-01
6.420588989e+02;1.675249040e-01
6.422893677e+02;1.688977927e-01
6.425198364e+02;1.661498398e-01
6.427503052e+02;1.696190238e-01
6.429808350e+02;1.647292674e-01
6.432113037e+02;1.639920175e-01
6.434418335e+02;1.658633053e-01
6.436723633e+02;1.633511782e-01
6.439028931e+02;1.651687175e-01
6.441334839e+02;1.658944339e-01
6.443640137e+02;1.644780934e-01
6.445946045e+02;1.633258164e-01
6.448251953e+02;1.600870937e-01
6.450557861e+02;1.612623334e-01
6.452863770e+02;1.606972814e-01
6.455169678e+02;1.615207791e-01
6.457476196e+02;1.636732966e-01
6.459782104e+02;1.643708944e-01
6.462088623e+02;1.657426953e-01
6.464395142e+02;1.598806083e-01
6.466702271e+02;1.569693238e-01
6.469008789e+02;1.528665423e-01
6.471315918e+02;1.486122459e-01
6.473623047e+02;1.463964880e-01
6.475930176e+02;1.443297863e-01
6.478237305e+02;1.414269805e-01
6.480544434e+02;1.434161216e-01
6.482852173e+02;1.446092129e-01
6.485159302e+02;1.403722763e-01
6.487467041e+02;1.436643302e-01
6.489774780e+02;1.398993880e-01
6.492082520e+02;1.426641345e-01
6.494390869e+02;1.419811100e-01
6.496698608e+02;1.413373351e-01
6.499006958e+02;1.383756250e-01
6.501315308e+02;1.376321912e-01
6.503623657e+02;1.344204247e-01
6.505932007e+02;1.324950308e-01
6.508240967e+02;1.327899992e-01
6.510549316e+02;1.351341605e-01
6.512858276e+02;1.303985715e-01
6.515167236e+02;1.296376437e-01
6.517476196e+02;1.306962669e-01
6.519785767e+02;1.315616369e-01
6.522094727e+02;1.292940974e-01
6.524404297e+02;1.288947910e-01
6.526713867e+02;1.250257492e-01
6.529023438e+02;1.295869797e-01
6.531333008e+02;1.216497794e-01
6.533642578e+02;1.275864989e-01
6.535952759e+02;1.226199269e-01
6.538262939e+02;1.261024028e-01
6.540573120e+02;1.230402365e-01
6.542883301e+02;1.210156307e-01
6.545193481e+02;1.189808846e-01
6.547503662e+02;1.213861778e-01
6.549814453e+02;1.162790209e-01
6.552125244e+02;1.206804067e-01
6.554436035e+02;1.177382842e-01
6.556746826e+02;1.176489145e-01
6.559057617e+02;1.162464991e-01
6.561369019e+02;1.187156811e-01
6.563679810e+02;1.191821024e-01
6.565991211e+02;1.176239103e-01
6.568302612e+02;1.159266904e-01
6.570614014e+02;1.153467149e-01
6.572926025e+02;1.143642664e-01
6.575237427e+02;1.163112819e-01
6.577549438e+02;1.116895527e-01
6.579861450e+02;1.110495701e-01
6.582173462e+02;1.150111780e-01
6.584485474e+02;1.115339696e-01
6.586798096e+02;1.105864942e-01
6.589110107e+02;1.119205356e-01
6.591422729e+02;1.108631715e-01
6.593735352e+02;1.102335602e-01
6.596047974e+02;1.082198620e-01
6.598360596e+02;1.144989952e-01
6.600673828e+02;1.095559373e-01
6.602987061e+02;1.079914570e-01
6.605299683e+02;1.091062203e-01
6.607612915e+02;1.071903333e-01
6.609926758e+02;1.060931981e-01
6.612239990e+02;1.061120331e-01
6.614553223e+02;1.080195680e-01
6.616867065e+02;1.030040681e-01
6.619180908e+02;1.039038897e-01
6.621494751e+02;1.041043922e-01
6.623808594e+02;1.039355025e-01
6.626123047e+02;1.034927815e-01
6.628436890e+02;9.887880832e-02
6.630751343e+02;1.022062302e-01
6.633065796e+02;9.820980579e-02
6.635380249e+02;1.005423889e-01
6.637694702e+02;1.012806147e-01
6.640009766e+02;9.831167012e-02
6.642324219e+02;9.918881953e-02
6.644639282e+02;1.014512852e-01
6.646954346e+02;9.927313775e-02
6.649269409e+02;9.611546248e-02
6.651584473e+02;9.760721773e-02
6.653900146e+02;9.767755121e-02
6.656215820e+02;9.494882822e-02
6.658530884e+02;9.527496994e-02
6.660846558e+02;9.330544621e-02
6.663162842e+02;9.397025406e-02
6.665478516e+02;9.318210185e-02
6.667794189e+02;9.630527347e-02
6.670110474e+02;9.330595285e-02
6.672426758e+02;9.146655351e-02
6.674743042e+02;9.169102460e-02
6.677059326e+02;9.342247993e-02
6.679376221e+02;9.143523127e-02
6.681692505e+02;9.071110934e-02
6.684009399e+02;9.386811405e-02
6.686326294e+02;9.180785716e-02
6.688643188e+02;9.132988751e-02
6.690960083e+02;9.002676606e-02
6.693277588e+02;8.836255223e-02
6.695594482e+02;8.949330449e-02
6.697911987e+02;8.628669381e-02
6.700229492e+02;8.517040312e-02
6.702546997e+02;8.755480498e-02
6.704865112e+02;8.879128098e-02
6.707182617e+02;8.585990220e-02
6.709500732e+02;8.493045717e-02
6.711818237e+02;8.568759263e-02
6.714136353e+02;8.577130735e-02
6.716455078e+02;8.129314333e-02
6.718773193e+02;8.525599539e-02
6.721091309e+02;8.031582832e-02
6.723410034e+02;8.052144945e-02
6.725728760e+02;8.117470145e-02
6.728047485e+02;8.175489306e-02
6.730366211e+02;7.920129597e-02
6.732685547e+02;8.036772907e-02
6.735004272e+02;8.096621931e-02
6.737323608e+02;7.782775164e-02
6.739642944e+02;7.847965509e-02
6.741962280e+02;7.485911250e-02
6.744281616e+02;7.630221546e-02
6.746601562e+02;7.724601030e-02
6.748920898e+02;7.750170678e-02
6.751240845e+02;7.669603825e-02
6.753560791e+02;7.398457080e-02
6.755880737e+02;7.060381770e-02
6.758200684e+02;7.527120411e-02
6.760521240e+02;7.496251166e-02
6.762841187e+02;7.202933729e-02
6.765161743e+02;7.359093428e-02
6.767482300e+02;7.264886051e-02
6.769802856e+02;7.278312743e-02
6.772124023e+02;6.950681657e-02
6.774444580e+02;7.045154274e-02
6.776765747e+02;7.204526663e-02
6.779086304e+02;7.163386792e-02
6.781407471e+02;7.048547268e-02
6.783729248e+02;7.113415003e-02
6.786050415e+02;7.113435864e-02
6.788372192e+02;6.825463474e-02
6.790693359e+02;6.942151487e-02
6.793015137e+02;6.662376970e-02
6.795336914e+02;6.569769979e-02
6.797658691e+02;6.873267144e-02
6.799981079e+02;6.621167064e-02
6.802302856e+02;6.456632912e-02
6.804625244e+02;6.497661769e-02
6.806947632e+02;6.662353128e-02
6.809270020e+02;6.418862939e-02
6.811592407e+02;6.451518834e-02
6.813915405e+02;6.568241119e-02
6.816237793e+02;6.509831548e-02
6.818560791e+02;6.204325706e-02
6.820883789e+02;6.116809696e-02
6.823206787e+02;6.374326348e-02
6.825529785e+02;6.357089430e-02
6.827853394e+02;6.317367405e-02
6.830176392e+02;6.067009270e-02
6.832500000e+02;5.960585922e-02
6.834823608e+02;6.094522029e-02
6.837147217e+02;6.089276820e-02
6.839470825e+02;5.971004069e-02
6.841795044e+02;5.957507342e-02
6.844118652e+02;6.217817962e-02
6.846442871e+02;5.792654678e-02
6.848767090e+02;5.820053443e-02
6.851091309e+02;5.875149369e-02
6.853416138e+02;5.826900527e-02
6.855740356e+02;5.598644912e-02
6.858065186e+02;5.744545534e-02
6.860390015e+02;5.929897353e-02
6.862714844e+02;5.525144935e-02
6.865039673e+02;5.679285154e-02
6.867364502e+02;5.617551878e-02
6.869689941e+02;5.543760583e-02
6.872014771e+02;5.391228199e-02
6.874340210e+02;5.361779407e-02
6.876665649e+02;5.792701617e-02
6.878991089e+02;5.185166001e-02
6.881317139e+02;5.591823533e-02
6.883642578e+02;5.468425900e-02
6.885968628e+02;5.277972668e-02
6.888294678e+02;5.156249180e-02
6.890620728e+02;5.569612235e-02
6.892946777e+02;5.238743871e-02
6.895273438e+02;5.327580124e-02
6.897599487e+02;5.276172608e-02
6.899926147e+02;5.161334574e-02
6.902252808e+02;5.068522319e-02
6.904579468e+02;5.035939068e-02
6.906906128e+02;5.094379559e-02
6.909233398e+02;5.151017383e-02
6.911560059e+02;5.118716136e-02
6.913887329e+02;4.970987141e-02
6.916214600e+02;4.945195094e-02
6.918541870e+02;4.777086899e-02
6.920869141e+02;4.909022897e-02
6.923197021e+02;4.692771286e-02
6.925524292e+02;4.864463955e-02
6.927852173e+02;4.583327472e-02
6.930180054e+02;4.902169481e-02
6.932507935e+02;4.795867577e-02
6.934835815e+02;4.861020297e-02
6.937164307e+02;4.533521831e-02
6.939492188e+02;4.708136618e-02
6.941820679e+02;4.584702477e-02
6.944149170e+02;4.694671929e-02
6.946477661e+02;4.658794403e-02
6.948806763e+02;4.415021837e-02
6.951135254e+02;4.390949756e-02
6.953464355e+02;4.452626035e-02
6.955792847e+02;4.288041964e-02
6.958121948e+02;4.354804754e-02
6.960451660e+02;4.409671947e-02
6.962780762e+02;4.471443966e-02
6.965109863e+02;4.334450141e-02
6.967439575e+02;4.233035073e-02
6.969769287e+02;4.131910205e-02
6.972098999e+02;4.085706919e-02
6.974428711e+02;4.233200103e-02
6.976758423e+02;4.004944488e-02
6.979088745e+02;4.057981446e-02
6.981418457e+02;4.059820622e-02
6.983748779e+02;4.142195731e-02
6.986079102e+02;4.071649536e-02
6.988409424e+02;4.023690522e-02
6.990740356e+02;4.015199468e-02
6.993070679e+02;3.855866939e-02
6.995401611e+02;3.728614748e-02
6.997732544e+02;4.155855626e-02
7.000063477e+02;3.924535215e-02
7.002394409e+02;3.788873553e-02
7.004725342e+02;3.807570413e-02
7.007056885e+02;3.610363230e-02
7.009388428e+02;3.937836736e-02
7.011719971e+02;3.877906129e-02
7.014051514e+02;3.642756492e-02
7.016383057e+02;3.668443114e-02
7.018714600e+02;3.473142534e-02
7.021046753e+02;3.860604391e-02
7.023378296e+02;3.514199704e-02
7.025710449e+02;3.419948742e-02
7.028042603e+02;3.668551520e-02
7.030374756e+02;3.538073599e-02
7.032707520e+02;3.507392853e-02
7.035039673e+02;3.430500627e-02
7.037372437e+02;3.443871439e-02
7.039705200e+02;3.551935777e-02
7.042037964e+02;3.171231598e-02
7.044370728e+02;3.419851512e-02
7.046704102e+02;3.291186690e-02
7.049036865e+02;3.202441335e-02
7.051370239e+02;3.346128762e-02
7.053703613e+02;3.169486299e-02
7.056036987e+02;3.395972401e-02
7.058370361e+02;3.298088908e-02
7.060703735e+02;3.244881704e-02
7.063037720e+02;3.126654774e-02
7.065371704e+02;3.015328757e-02
7.067705688e+02;3.006533161e-02
7.070039673e+02;3.342728689e-02
7.072373657e+02;3.282748163e-02
7.074707642e+02;2.987616882e-02
7.077042236e+02;2.884689532e-02
7.079376831e+02;3.015024774e-02
7.081711426e+02;3.052695654e-02
7.084046021e+02;2.949578874e-02
7.086380615e+02;2.922211587e-02
7.088715210e+02;3.030273318e-02
7.091050415e+02;2.956461161e-02
7.093385620e+02;3.049453907e-02
7.095720215e+02;2.786751837e-02
7.098056030e+02;2.973674238e-02
7.100391235e+02;2.875933610e-02
7.102726440e+02;2.942873165e-02
7.105062256e+02;2.910442092e-02
7.107398071e+02;2.800374106e-02
7.109733276e+02;2.807487361e-02
7.112069702e+02;2.675282396e-02
7.114405518e+02;2.797160298e-02
7.116741333e+02;2.807526477e-02
7.119077759e+02;2.610178292e-02
7.121413574e+02;2.790368162e-02
7.123750000e+02;2.654548548e-02
7.126086426e+02;2.682136744e-02
7.128423462e+02;2.210757509e-02
7.130759888e+02;2.592988499e-02
7.133096924e+02;2.460879646e-02
7.135433350e+02;2.311684191e-02
7.137770386e+02;2.637660876e-02
7.140107422e+02;2.622219175e-02
7.142445068e+02;2.416293882e-02
7.144782104e+02;2.608489618e-02
7.147119751e+02;2.426650748e-02
7.149456787e+02;2.114315331e-02
7.151794434e+02;2.284158953e-02
7.154132080e+02;2.440358885e-02
7.156470337e+02;2.270199358e-02
7.158807983e+02;2.243240923e-02
7.161146240e+02;2.370022051e-02
7.163483887e+02;2.479879744e-02
7.165822144e+02;2.147046849e-02
7.168160400e+02;2.175948396e-02
7.170499268e+02;2.342383377e-02
7.172837524e+02;2.273889445e-02
7.175176392e+02;2.196623571e-02
7.177514648e+02;2.136494219e-02
7.179853516e+02;2.182857879e-02
7.182192383e+02;2.328662761e-02
7.184531860e+02;2.244818583e-02
7.186870728e+02;2.064449899e-02
7.189210205e+02;2.012973465e-02
7.191549072e+02;2.014761418e-02
7.193888550e+02;2.025082335e-02
7.196228027e+02;1.881157979e-02
7.198567505e+02;1.958253607e-02
7.200907593e+02;1.922237687e-02
7.203247070e+02;1.971861348e-02
7.205587158e+02;2.122934908e-02
7.207927246e+02;1.826079935e-02
7.210267334e+02;1.833041757e-02
7.212607422e+02;1.851710863e-02
7.214948120e+02;1.985780522e-02
7.217288208e+02;1.920435578e-02
7.219628906e+02;2.023437805e-02
7.221969604e+02;2.016361430e-02
7.224310303e+02;1.827861555e-02
7.226651001e+02;1.946303621e-02
7.228992310e+02;1.934378967e-02
7.231333008e+02;1.808877476e-02
7.233674316e+02;1.903317124e-02
7.236015625e+02;1.882557943e-02
7.238356934e+02;1.872329228e-02
7.240698242e+02;1.585835405e-02
7.243039551e+02;1.894740574e-02
7.245381470e+02;1.529249176e-02
7.247723389e+02;1.682048291e-02
7.250064697e+02;1.609994285e-02
7.252406616e+02;1.577293314e-02
7.254749146e+02;1.476036478e-02
7.257091064e+02;1.805292070e-02
7.259433594e+02;1.764225774e-02
7.261775513e+02;1.628808491e-02
7.264118042e+02;1.683560014e-02
7.266460571e+02;1.742186025e-02
7.268803101e+02;1.786486618e-02
7.271146240e+02;1.320159622e-02
7.273488770e+02;1.879258268e-02
7.275831909e+02;1.539656706e-02
7.278175049e+02;1.657940075e-02
7.280518188e+02;1.572252996e-02
7.282861328e+02;1.542858779e-02
7.285204468e+02;1.472614147e-02
7.287548218e+02;1.465693861e-02
7.289891357e+02;1.452135574e-02
7.292235107e+02;1.330448035e-02
7.294578857e+02;1.133074705e-02
7.296922607e+02;1.582389884e-02
7.299266968e+02;1.400707103e-02
7.301610718e+02;1.508670580e-02
7.303955078e+02;1.518892217e-02
7.306299438e+02;1.678659581e-02
7.308643799e+02;1.589228772e-02
7.310988159e+02;1.240933500e-02
7.313332520e+02;1.450337935e-02
7.315677490e+02;1.453895587e-02
7.318021851e+02;1.278746128e-02
7.320366821e+02;1.335284673e-02
7.322711792e+02;1.302728988e-02
7.325056763e+02;1.494925655e-02
7.327401733e+02;1.385138277e-02
7.329747314e+02;1.374831796e-02
7.332092285e+02;1.071172766e-02
7.334437866e+02;1.266665384e-02
7.336783447e+02;1.320171356e-02
7.339129028e+02;1.234189142e-02
7.341475220e+02;1.381645631e-02
7.343820801e+02;1.494860649e-02
7.346166992e+02;1.554815937e-02
7.348512573e+02;1.249647886e-02
7.350858765e+02;1.158735342e-02
7.353204956e+02;1.292430609e-02
7.355551758e+02;1.450457051e-02
7.357897949e+02;1.283940859e-02
7.360244751e+02;1.174065005e-02
7.362590942e+02;1.109025069e-02
7.364937744e+02;1.114097983e-02
7.367284546e+02;1.253013313e-02
7.369631958e+02;1.230617054e-02
7.371978760e+02;1.179426815e-02
7.374325562e+02;1.151701342e-02
7.376672974e+02;1.316753589e-02
7.379020386e+02;1.245955005e-02
7.381367798e+02;1.160436496e-02
7.383715210e+02;8.703934960e-03
7.386063232e+02;1.103937626e-02
7.388410645e+02;1.191420853e-02
7.390758667e+02;1.086608041e-02
7.393106689e+02;8.755341172e-03
7.395454712e+02;1.177717373e-02
7.397802734e+02;9.854432195e-03
7.400150757e+02;1.021465287e-02
7.402499390e+02;1.050587837e-02
7.404848022e+02;1.028184313e-02
7.407196045e+02;1.285661850e-02
7.409544678e+02;1.023203507e-02
7.411893921e+02;1.002641954e-02
7.414242554e+02;1.090228930e-02
7.416591187e+02;1.168933511e-02
7.418940430e+02;1.079963893e-02
7.421289673e+02;8.342640474e-03
7.423638916e+02;1.141672768e-02
7.425988159e+02;1.050517522e-02
7.428337402e+02;1.038532332e-02
7.430687256e+02;8.310627192e-03
7.433036499e+02;9.012876078e-03
7.435386353e+02;1.043836214e-02
7.437736206e+02;1.186081767e-02
7.440086060e+02;9.613322094e-03
7.442435913e+02;1.117493212e-02
7.444786377e+02;7.846204564e-03
7.447136230e+02;8.413214236e-03
7.449486694e+02;7.317496464e-03
7.451837158e+02;8.551061153e-03
7.454187622e+02;8.808470331e-03
7.456538086e+02;8.395290934e-03
7.458889160e+02;9.239543229e-03
7.461239624e+02;8.636021055e-03
7.463590698e+02;9.492469020e-03
7.465941772e+02;8.242525160e-03
7.468292847e+02;8.686354384e-03
7.470643921e+02;9.271232411e-03
7.472995605e+02;7.503655273e-03
7.475346680e+02;8.310591802e-03
7.477698364e+02;7.765773684e-03
7.480050049e+02;8.789825253e-03
7.482401733e+02;8.190117776e-03
7.484753418e+02;1.019552071e-02
7.487105103e+02;8.840301074e-03
7.489457397e+02;7.746758405e-03
7.491809692e+02;6.063105538e-03
7.494161377e+02;4.622239154e-03
7.496513672e+02;6.509305909e-03
7.498865967e+02;7.364951540e-03
7.501218872e+02;9.442470968e-03
7.503571167e+02;7.315719500e-03
7.505924072e+02;7.708927151e-03
7.508276978e+02;6.629834417e-03
7.510629883e+02;8.687156253e-03
7.512982788e+02;5.877994001e-03
7.515335693e+02;5.599449389e-03
7.517688599e+02;8.155344985e-03
7.520042114e+02;6.731013302e-03
7.522395630e+02;7.675381377e-03
7.524749146e+02;5.309243221e-03
7.527102661e+02;5.617489573e-03
7.529456177e+02;7.502004039e-03
7.531809692e+02;7.449524477e-03
7.534163818e+02;5.085244775e-03
7.536517944e+02;7.091748528e-03
7.538872070e+02;6.867948454e-03
7.541226196e+02;6.528077647e-03
7.543580322e+02;6.715083495e-03
7.545934448e+02;8.273906074e-03
7.548289185e+02;6.165763363e-03
7.550643311e+02;6.899969652e-03
7.552998047e+02;5.102328956e-03
7.555352783e+02;6.184003316e-03
7.557707520e+02;7.143353112e-03
7.560062866e+02;6.457341369e-03
7.562417603e+02;7.450029254e-03
7.564772949e+02;7.282255217e-03
7.567128296e+02;6.045723334e-03
7.569483643e+02;5.410160869e-03
7.571838989e+02;4.569777753e-03
7.574194336e+02;7.518511266e-03
7.576550293e+02;4.860019777e-03
7.578905640e+02;5.374702159e-03
7.581261597e+02;4.089416936e-03
7.583617554e+02;7.707880810e-03
7.585973511e+02;4.500177689e-03
7.588329468e+02;5.443652160e-03
7.590686035e+02;5.771464668e-03
7.593041992e+02;6.816885434e-03
7.595398560e+02;5.462108180e-03
7.597755127e+02;6.887595169e-03
7.600111694e+02;5.633888766e-03
7.602468262e+02;5.650395527e-03
7.604824829e+02;6.575559266e-03
7.607182007e+02;3.952129744e-03
7.609539185e+02;5.171333440e-03
7.611895752e+02;3.282182617e-03
7.614252930e+02;5.102591123e-03
7.616610718e+02;5.532754585e-03
7.618967896e+02;4.828674719e-03
7.621325073e+02;6.819266826e-03
7.623682861e+02;5.564577412e-03
7.626040649e+02;5.872544367e-03
7.628398438e+02;5.649619736e-03
7.630756226e+02;4.313748796e-03
7.633114014e+02;4.466289189e-03
7.635472412e+02;4.225982353e-03
7.637830200e+02;4.484410398e-03
7.640188599e+02;5.891017616e-03
7.642546997e+02;2.359337173e-03
7.644905396e+02;3.317686031e-03
7.647263794e+02;4.262640607e-03
7.649622803e+02;6.146919914e-03
7.651981201e+02;5.258081481e-03
7.654340210e+02;2.733917907e-03
7.656699219e+02;3.986261785e-03
7.659058228e+02;4.842818249e-03
7.661417236e+02;3.628269304e-03
7.663776245e+02;5.531428382e-03
7.666135864e+02;3.694431856e-03
7.668494873e+02;5.476593971e-03
7.670854492e+02;4.689448047e-03
7.673214111e+02;3.267353866e-03
7.675573730e+02;3.128442680e-03
7.677933960e+02;3.848614171e-03
7.680293579e+02;4.795003217e-03
7.682653809e+02;2.628904535e-03
7.685013428e+02;3.144669812e-03
7.687373657e+02;3.231660929e-03
7.689733887e+02;4.809741396e-03
7.692094727e+02;4.602908622e-03
7.694454956e+02;4.396725446e-03
7.696815796e+02;1.825702842e-03
7.699176025e+02;4.932587966e-03
7.701536865e+02;2.254261170e-03
7.703897705e+02;3.558137221e-03
7.706259155e+02;2.170761582e-03
7.708619995e+02;3.472147509e-03
7.710980835e+02;2.753429115e-03
7.713342285e+02;2.135113347e-03
7.715703735e+02;3.094139043e-03
7.718065186e+02;4.434141796e-03
7.720426636e+02;4.724780563e-03
7.722788086e+02;4.743353464e-03
7.725150146e+02;2.493476029e-03
7.727511597e+02;2.288645832e-03
7.729873657e+02;2.821089234e-03
7.732235718e+02;1.515137963e-03
7.734597778e+02;1.413354301e-03
7.736959839e+02;2.479035407e-03
7.739322510e+02;3.163387068e-03
7.741684570e+02;1.737656770e-03
7.744047241e+02;3.539564321e-03
7.746409912e+02;4.654152319e-03
7.748772583e+02;2.906753682e-03
7.751135254e+02;2.750190208e-03
7.753497925e+02;1.858906355e-03
7.755861206e+02;2.577994717e-03
7.758224487e+02;3.472562879e-03
7.760587158e+02;2.648677444e-03
7.762950439e+02;6.077572703e-03
7.765314331e+02;-3.866855986e-04
7.767677612e+02;2.049178118e-03
7.770040894e+02;3.267597407e-03
7.772404785e+02;2.374897245e-03
7.774768677e+02;3.833802883e-03
7.777132568e+02;3.024557140e-03
7.779496460e+02;1.619267161e-03
7.781860352e+02;1.807870110e-03
7.784224243e+02;2.392152557e-03
7.786588745e+02;4.107114859e-03
7.788952637e+02;1.653191866e-03
7.791317139e+02;3.232553601e-03
7.793681641e+02;5.849590525e-05
7.796046753e+02;2.150889486e-03
7.798411255e+02;2.578933025e-03
7.800775757e+02;1.565948594e-03
7.803140869e+02;3.007680411e-03
7.805505981e+02;3.539970610e-03
7.807871094e+02;3.404758405e-03
7.810236206e+02;2.390555805e-03
7.812601318e+02;1.842651982e-03
7.814967041e+02;2.923287451e-03
7.817332153e+02;1.893751323e-03
7.819697876e+02;3.814544994e-03
7.822063599e+02;9.337607771e-04
7.824429321e+02;1.550009940e-03
7.826795044e+02;5.059335381e-04
7.829160767e+02;-7.466538809e-04
7.831527100e+02;1.291734981e-03
7.833893433e+02;1.928352751e-03
7.836259155e+02;1.839819248e-03
7.838625488e+02;6.245665718e-04
7.840991821e+02;3.333047265e-03
7.843358765e+02;2.958304249e-03
7.845725098e+02;2.252601087e-03
7.848092041e+02;1.824809937e-03
7.850458984e+02;2.737102564e-03
7.852825928e+02;3.335437737e-03
7.855192871e+02;9.867087938e-04
7.857559814e+02;9.155937005e-04
7.859926758e+02;1.193596516e-03
7.862294312e+02;8.824355900e-04
7.864661255e+02;1.791850431e-03
7.867028809e+02;2.322164597e-03
7.869396362e+02;2.649128670e-03
7.871763916e+02;3.178405110e-03
7.874132080e+02;2.389238682e-03
7.876499634e+02;2.184282057e-03
7.878867798e+02;4.889033735e-04
7.881235962e+02;3.109716577e-03
7.883604126e+02;1.429238706e-03
7.885972290e+02;1.447261078e-03
7.888340454e+02;2.373967785e-03
7.890708618e+02;1.464697300e-03
7.893077393e+02;7.625753060e-04
7.895446167e+02;2.390447306e-03
7.897814941e+02;2.820015885e-03
7.900183716e+02;3.385815304e-03
7.902552490e+02;1.858527306e-03
7.904921265e+02;1.138897380e-03
7.907290649e+02;2.629897092e-03
7.909659424e+02;1.722963061e-03
7.912028809e+02;-7.985201664e-04
7.914398193e+02;1.360811759e-03
7.916767578e+02;7.956884801e-04
7.919136963e+02;3.094878513e-03
7.921506958e+02;1.878282055e-03
7.923876343e+02;1.381540671e-03
7.926246338e+02;3.147412208e-04
7.928616333e+02;6.571292179e-04
7.930986328e+02;4.182298435e-04
7.933356323e+02;2.973818686e-03
7.935726929e+02;-6.966915680e-04
7.938096924e+02;-4.437891766e-05
7.940467529e+02;1.157650724e-03
7.942838135e+02;1.858527306e-03
7.945208740e+02;3.575420007e-03
7.947579346e+02;3.042805009e-03
7.949949951e+02;2.461680211e-03
7.952320557e+02;1.464128844e-03
7.954691772e+02;-1.057264395e-03
7.957062988e+02;3.679606598e-04
7.959434204e+02;4.367572255e-04
7.961805420e+02;5.205998314e-04
7.964176636e+02;2.427352592e-05
7.966547852e+02;-1.807371154e-04
7.968919678e+02;2.050333191e-03
7.971290894e+02;1.792951021e-03
7.973662720e+02;-1.605555997e-03
7.976034546e+02;2.013575286e-03
7.978406372e+02;8.481771220e-04
7.980778809e+02;3.351602005e-03
7.983150635e+02;1.002963632e-03
7.985523071e+02;1.633852487e-03
7.987894897e+02;1.034001354e-03
7.990267334e+02;2.254549414e-03
7.992639771e+02;7.445169613e-04
7.995012207e+02;1.533773728e-03
7.997385254e+02;1.654454973e-03
7.999757690e+02;1.584936399e-03
8.002130737e+02;2.640117891e-04
8.004503784e+02;-4.132743925e-04
8.006876831e+02;3.312660847e-04
8.009249878e+02;2.391132992e-03
8.011622925e+02;7.431005361e-04
8.013996582e+02;1.996400999e-03
8.016369629e+02;-1.646813471e-04
8.018743286e+02;6.918659783e-04
8.021116943e+02;9.163063951e-04
8.023490601e+02;1.051798230e-03
8.025864258e+02;3.095284803e-03
8.028237915e+02;-2.906308509e-05
8.030612183e+02;-2.675654832e-04
8.032986450e+02;3.683124669e-04
8.035360107e+02;9.334716015e-04
8.037734375e+02;1.189644798e-03
8.040109253e+02;1.584701822e-03
8.042483521e+02;3.351584077e-03
8.044857788e+02;2.615898382e-03
8.047232666e+02;1.438991167e-04
8.049607544e+02;6.748088053e-04
8.051981812e+02;1.618022099e-03
8.054356689e+02;5.560403224e-04
8.056732178e+02;-1.006616279e-03
8.059107056e+02;1.670664176e-03
8.061481934e+02;-1.709297299e-03
8.063857422e+02;1.016899012e-03
8.066232910e+02;3.325290745e-04
8.068608398e+02;1.328573795e-03
8.070983887e+02;1.173607074e-03
8.073359375e+02;1.619149931e-03
8.075735474e+02;4.133954644e-05
8.078110962e+02;9.330025641e-04
8.080487061e+02;-1.810648013e-03
8.082863159e+02;1.309874817e-03
8.085239258e+02;4.703938030e-04
8.087615356e+02;9.838582482e-04
8.089991455e+02;1.240617712e-03
8.092368164e+02;1.410783269e-03
8.094744263e+02;1.549847773e-03
8.097120972e+02;1.104864059e-03
8.099497681e+02;-1.493293094e-04
8.101874390e+02;7.088509738e-04
8.104251099e+02;-1.469657291e-04
8.106628418e+02;1.998394728e-03
8.109005127e+02;4.003427457e-04
8.111382446e+02;-8.837156929e-04
8.113759766e+02;-4.534440814e-05
8.116137085e+02;3.667877754e-04
8.118514404e+02;6.611924618e-06
8.120891724e+02;9.321095422e-04
8.123269653e+02;1.277582720e-03
8.125646973e+02;1.789426897e-04
8.128024902e+02;1.707791816e-03
8.130402832e+02;1.191458199e-03
8.132780762e+02;2.815832850e-04
8.135158691e+02;6.601605564e-04
8.137537231e+02;4.851503763e-04
8.139915161e+02;-3.365247976e-04
8.142293701e+02;1.222658437e-03
8.144672241e+02;5.069188774e-06
8.147050781e+02;-7.141096867e-04
8.149429321e+02;1.782299951e-04
8.151807861e+02;-5.410029553e-04
8.154186401e+02;6.404599408e-04
8.156565552e+02;5.884044222e-04
8.158944702e+02;2.117217373e-04
8.161323242e+02;-1.347930636e-03
8.163703003e+02;6.061111344e-04
8.166082153e+02;2.117127151e-04
8.168461304e+02;-1.038420945e-03
8.170840454e+02;1.955667976e-04
8.173220215e+02;9.161350317e-04
8.175599976e+02;6.416058168e-04
8.177979736e+02;-5.921293050e-04
8.180359497e+02;6.577877793e-04
8.182739258e+02;7.091757725e-04
8.185119629e+02;-2.724071965e-05
8.187499390e+02;-1.434894395e-03
8.189879761e+02;2.063916763e-03
8.192260132e+02;6.238900824e-04
8.194640503e+02;1.842002501e-03
8.197020874e+02;-5.957111716e-04
8.199401245e+02;8.485289291e-04
8.201781616e+02;3.336749505e-04
8.204162598e+02;-6.283006514e-04
8.206543579e+02;6.402705330e-04
8.208924561e+02;9.689847939e-04
8.211305542e+02;1.754515339e-03
8.213686523e+02;1.103502000e-03
8.216067505e+02;2.106662141e-04
8.218449097e+02;-1.111915335e-04
8.220830078e+02;-2.103452338e-03
8.223211670e+02;1.308449311e-03
8.225593262e+02;2.579628024e-03
8.227974854e+02;5.392539315e-04
8.230356445e+02;4.004871007e-04
8.232738647e+02;4.697892582e-04
8.235120239e+02;-2.333428711e-04
8.237502441e+02;2.982795704e-04
8.239884644e+02;6.405863096e-04
8.242266846e+02;-2.523937728e-04
8.244649048e+02;1.035390655e-03
8.247031250e+02;-3.164000809e-04
8.249414062e+02;-1.588462852e-03
8.251796265e+02;4.022372887e-04
8.254179077e+02;1.535623334e-03
8.256561890e+02;-8.016957436e-04
8.258944702e+02;-5.065281875e-04
8.261327515e+02;1.612810884e-04
8.263710938e+02;-7.661291165e-04
8.266093750e+02;2.955732867e-03
8.268477173e+02;1.783019397e-04
8.270859985e+02;1.703749876e-03
8.273243408e+02;-1.607396407e-03
8.275626831e+02;4.364147317e-04
8.278010864e+02;-9.029742796e-04
8.280394287e+02;-9.371967753e-04
8.282778320e+02;-3.720194218e-04
8.285161743e+02;-3.359382972e-04
8.287545776e+02;6.070493255e-04
8.289929810e+02;3.841425059e-04
8.292313843e+02;-2.623023465e-05
8.294698486e+02;-1.572253648e-03
8.297082520e+02;5.715006264e-04
8.299467163e+02;-4.577742584e-05
8.301851196e+02;5.725381197e-04
8.304235840e+02;-5.090991035e-04
8.306620483e+02;2.494450193e-03
8.309005127e+02;7.390225073e-05
8.311390381e+02;1.138518448e-03
8.313775024e+02;-3.368045436e-04
8.316160278e+02;1.257052354e-04
8.318545532e+02;-1.073780120e-03
8.320930176e+02;-3.527789377e-04
8.323316040e+02;8.981485735e-04
8.325701294e+02;2.295547165e-04
8.328086548e+02;1.362255309e-03
8.330472412e+02;1.602570759e-03
8.332857666e+02;5.815329496e-05
8.335243530e+02;5.049591418e-04
8.337629395e+02;-1.296777278e-03
8.340015259e+02;1.035264344e-03
8.342401123e+02;-2.051847521e-03
8.344787598e+02;-1.313112676e-03
8.347173462e+02;5.601512385e-06
8.349559937e+02;-3.533475101e-04
8.351946411e+02;7.810848765e-04
8.354332886e+02;-1.726967981e-03
8.356719360e+02;3.525996581e-04
8.359105835e+02;-6.619908381e-04
8.361492920e+02;-9.518070146e-05
8.363879395e+02;-1.451978693e-03
8.366266479e+02;7.269005291e-04
8.368653564e+02;1.361831091e-03
8.371040649e+02;-6.969081005e-04
8.373427734e+02;-4.379027523e-04
8.375815430e+02;1.414076192e-03
8.378202515e+02;-4.223157885e-04
8.380590210e+02;-1.176655409e-03
8.382977905e+02;1.035417663e-03
8.385364990e+02;6.792834029e-04
8.387753296e+02;1.602164848e-04
8.390140991e+02;7.597968797e-04
8.392528687e+02;3.138029715e-04
8.394916992e+02;7.114764303e-04
8.397304688e+02;1.792223193e-04
8.399692993e+02;-3.408156335e-04
8.402081299e+02;-5.594947143e-04
8.404469604e+02;7.649138570e-05
8.406857910e+02;-7.309050998e-04
8.409246826e+02;5.367818521e-04
8.411635132e+02;5.371517618e-04
8.414024048e+02;1.437547617e-04
8.416412964e+02;-1.836239826e-04
8.418801880e+02;6.574900472e-04
8.421190796e+02;2.131562214e-04
8.423579712e+02;2.268909244e-03
8.425969238e+02;-1.281370874e-03
8.428358154e+02;-2.854796476e-04
8.430747681e+02;2.596089616e-03
8.433137207e+02;1.378761837e-03
8.435526733e+02;7.084539393e-04
8.437916260e+02;-6.613144651e-04
8.440305786e+02;2.115683747e-04
8.442695923e+02;-1.038989285e-03
8.445086060e+02;-6.646884140e-04
8.447475586e+02;-4.422548227e-05
8.449865723e+02;1.000536606e-03
8.452255859e+02;-6.110721733e-04
8.454645996e+02;4.863683134e-04
8.457036743e+02;-7.824104978e-04
8.459426880e+02;1.756049111e-03
8.461817627e+02;-2.741208300e-05
8.464208374e+02;-4.549775622e-05
8.466599121e+02;-3.197473125e-04
8.468989868e+02;5.038764793e-04
8.471380615e+02;-1.263023820e-03
8.473771362e+02;-1.554095885e-03
8.476162720e+02;2.049448900e-03
8.478553467e+02;3.314014175e-04
8.480944824e+02;-3.131472971e-03
8.483336182e+02;-4.561413080e-04
8.485727539e+02;9.318569209e-04
8.488119507e+02;1.636306290e-03
8.490510864e+02;-1.003774349e-03
8.492902832e+02;2.819260117e-04
8.495294189e+02;6.222842494e-04
8.497686157e+02;-6.106210640e-04
8.500078125e+02;-1.055703964e-03
8.502470093e+02;7.953636814e-04
8.504862061e+02;-2.138784388e-03
8.507254639e+02;-9.601074271e-05
8.509646606e+02;-9.204734815e-04
8.512039185e+02;-2.156000119e-04
8.514431763e+02;4.676331300e-04
8.516824341e+02;-1.160644810e-03
8.519216919e+02;7.781802560e-04
8.521609497e+02;3.153186990e-04
8.524002686e+02;6.247921847e-04
8.526395264e+02;-5.759925116e-04
8.528788452e+02;-4.220451228e-04
8.531181641e+02;-2.727680840e-05
8.533574829e+02;2.802570525e-04
8.535968018e+02;-6.446270272e-04
8.538361816e+02;-1.039620838e-03
8.540755005e+02;-3.541142214e-04
8.543148804e+02;1.207576948e-03
8.545541992e+02;2.646073699e-04
8.547935791e+02;7.435155567e-04
8.550329590e+02;-1.073392341e-03
8.552723389e+02;-5.436915089e-04
8.555117798e+02;-4.556091153e-05
8.557511597e+02;-1.485614688e-03
8.559906006e+02;1.174202422e-03
8.562300415e+02;-1.320014126e-04
8.564694824e+02;-9.032178205e-04
8.567089233e+02;-1.605781610e-03
8.569483643e+02;2.652569674e-04
8.571878052e+02;-3.198465856e-04
8.574273071e+02;3.136134474e-04
8.576667480e+02;-1.708711032e-03
8.579062500e+02;-8.351696306e-04
8.581457520e+02;-2.131550573e-04
8.583852539e+02;1.259479206e-03
8.586247559e+02;2.202421892e-03
8.588643188e+02;4.170390312e-04
8.591038208e+02;2.645351924e-04
8.593433838e+02;7.625573780e-04
8.595829468e+02;-1.380736940e-03
8.598225098e+02;1.824539388e-03
8.600620728e+02;-3.705850104e-04
8.603016357e+02;6.906930357e-04
8.605411987e+02;-1.569294371e-03
8.607808228e+02;9.188865079e-05
8.610203857e+02;4.873787984e-04
8.612600098e+02;7.940283976e-04
8.614996338e+02;1.086381730e-03
8.617392578e+02;3.146330127e-04
8.619789429e+02;-1.503898879e-03
8.622185669e+02;-1.212375588e-03
8.624581909e+02;-1.065270044e-05
8.626978760e+02;3.301652614e-04
8.629375610e+02;-2.937891986e-05
8.631772461e+02;1.600270276e-03
8.634169312e+02;-3.719833330e-04
8.636566162e+02;8.113021031e-04
8.638963623e+02;-1.093192026e-03
8.641360474e+02;-2.461002674e-03
8.643757935e+02;-1.316856651e-04
8.646155396e+02;-7.657142123e-04
8.648552856e+02;1.956210472e-04
8.650950317e+02;-8.311280981e-04
8.653347778e+02;2.064322820e-03
8.655745239e+02;-8.501068223e-04
8.658143311e+02;-6.447713822e-04
8.660541382e+02;-4.571157333e-04
8.662939453e+02;-1.101987436e-04
8.665336914e+02;1.480725943e-03
8.667735596e+02;6.741050747e-04
8.670133667e+02;-3.378148540e-04
8.672531738e+02;9.659712086e-04
8.674930420e+02;2.235191641e-05
8.677329102e+02;-7.135593332e-04
8.679727173e+02;-1.658991969e-04
8.682125854e+02;-1.364816446e-03
8.684524536e+02;9.180745110e-05
8.686923828e+02;-1.331333537e-03
8.689322510e+02;-3.195308382e-04
8.691721802e+02;1.227078959e-03
8.694120483e+02;1.248662593e-04
8.696519775e+02;-4.394090502e-04
8.698919067e+02;5.038403906e-04
8.701318359e+02;-1.415780047e-03
8.703718262e+02;7.430012920e-04
8.706117554e+02;-4.415020812e-04
8.708517456e+02;-1.320193987e-04
8.710916748e+02;1.173146884e-03
8.713316650e+02;-5.090179038e-04
8.715716553e+02;-9.529909585e-04
8.718116455e+02;-1.419055159e-03
8.720516968e+02;-4.059532657e-04
8.722916870e+02;-1.402467256e-03
8.725316772e+02;-1.743970904e-03
8.727717285e+02;-3.191609867e-04
8.730117798e+02;-1.809443347e-04
8.732518311e+02;5.043637939e-04
8.734918823e+02;1.122886781e-03
8.737319336e+02;1.806571032e-03
8.739720459e+02;2.116044489e-04
8.742120972e+02;-1.055324450e-03
8.744522095e+02;-1.176817692e-03
8.746923218e+02;-1.212231233e-03
8.749324341e+02;2.969533089e-04
8.751725464e+02;-1.777156023e-03
8.754126587e+02;-1.194912475e-03
8.756528320e+02;-4.387053195e-04
8.758929443e+02;2.269748133e-03
8.761331177e+02;7.086704718e-04
8.763732910e+02;1.909716753e-03
8.766134644e+02;-2.334150486e-04
8.768536377e+02;6.060298765e-04
8.770938110e+02;-1.134376507e-04
8.773340454e+02;-9.873216040e-04
8.775742188e+02;-4.747231433e-04
8.778144531e+02;2.986495383e-04
8.780546875e+02;-3.202778054e-03
8.782949219e+02;-1.416880987e-03
8.785351562e+02;-1.972527243e-04
8.787753906e+02;-6.127681118e-04
8.790156250e+02;-1.228719950e-03
8.792559204e+02;-7.947674021e-05
8.794962158e+02;-1.382044982e-03
8.797364502e+02;-3.355233930e-04
8.799767456e+02;4.014883598e-05
8.802170410e+02;1.378617482e-03
8.804573975e+02;1.001168159e-03
8.806976929e+02;-1.898847637e-03
8.809380493e+02;1.626703888e-04
8.811783447e+02;-1.113989856e-05
8.814187012e+02;-1.142983325e-03
8.816590576e+02;-6.112074479e-04
8.818994141e+02;-6.214890163e-05
8.821397705e+02;-4.221532727e-04
8.823801880e+02;4.352328833e-04
8.826205444e+02;-1.570855267e-03
8.828609619e+02;-1.246534986e-03
8.831013794e+02;-2.502105199e-04
8.833417969e+02;-1.537363511e-03
8.835822144e+02;-5.249112146e-04
8.838226318e+02;-4.723684397e-04
8.840630493e+02;-3.377337125e-04
8.843035278e+02;-8.861155948e-04
8.845440063e+02;-9.025863837e-04
8.847844238e+02;-2.513202489e-04
8.850249023e+02;-2.934283111e-05
8.852653809e+02;-2.927391790e-03
8.855059204e+02;1.788728870e-03
8.857463989e+02;-3.899245057e-04
8.859868774e+02;-2.853172482e-04
8.862274170e+02;-1.106108073e-03
8.864679565e+02;4.164526472e-04
8.867084961e+02;-1.662871800e-04
8.869490356e+02;-1.227745786e-03
8.871895752e+02;-2.489024773e-04
8.874301147e+02;-1.401357469e-03
8.876707153e+02;9.665666730e-04
8.879112549e+02;-1.210742630e-03
8.881518555e+02;4.158308730e-05
8.883924561e+02;3.486750938e-04
8.886330566e+02;-4.047174007e-04
8.888736572e+02;-1.228873385e-03
8.891143188e+02;-9.191292338e-04
8.893549194e+02;1.173372380e-03
8.895955811e+02;-1.479579369e-04
8.898361816e+02;-1.382026821e-03
8.900768433e+02;8.301906055e-04
8.903175049e+02;6.939677987e-04
8.905582275e+02;1.481736428e-03
8.907988892e+02;-5.057342350e-04
8.910395508e+02;4.513878666e-04
8.912802734e+02;-5.424284609e-04
8.915209961e+02;-1.349265920e-03
8.917616577e+02;-9.889185894e-04
8.920023804e+02;-7.997110952e-04
8.922431641e+02;8.635290433e-04
8.924838867e+02;1.770210220e-04
8.927246094e+02;8.801080985e-04
8.929653931e+02;-8.163170423e-04
8.932061768e+02;-1.093246276e-03
8.934468994e+02;-1.383623690e-03
8.936876831e+02;4.705470055e-04
8.939285278e+02;1.398543362e-03
8.941693115e+02;-1.139880042e-04
8.944100952e+02;-7.649472682e-04
8.946509399e+02;-1.325247576e-04
8.948917236e+02;-3.550434485e-04
8.951325684e+02;-2.868238371e-04
8.953734131e+02;-1.572181587e-03
8.956142578e+02;-5.252179690e-04
8.958551636e+02;-9.046252817e-04
8.960960083e+02;-9.516254067e-05
8.963368530e+02;4.863231443e-04
8.965777588e+02;5.709322868e-04
8.968186646e+02;7.249247283e-04
8.970595703e+02;-7.790699601e-05
8.973004761e+02;-1.708819182e-03
8.975413818e+02;-1.381972805e-03
8.977822876e+02;-1.003097743e-03
8.980232544e+02;-1.321728341e-04
8.982642212e+02;-2.874172293e-03
8.985051270e+02;-7.998194778e-04
8.987460938e+02;1.259271521e-03
8.989870605e+02;-1.691175625e-03
8.992280273e+02;-7.496944163e-04
8.994690552e+02;-8.856283384e-04
8.997100220e+02;3.324929858e-04
8.999510498e+02;-1.654481166e-04
9.001920776e+02;-9.187411051e-04
9.004330444e+02;1.628417522e-04
9.006741333e+02;2.150866203e-04
9.009151611e+02;-7.999456720e-04
9.011561890e+02;9.820540436e-04
9.013972168e+02;1.189789153e-03
9.016383057e+02;-8.502239361e-04
9.018793945e+02;-1.314601104e-04
9.021204834e+02;-1.602975652e-03
9.023615112e+02;-1.705427654e-03
9.026026611e+02;-5.773727898e-04
9.028437500e+02;-3.718841181e-04
9.030848389e+02;-1.520938007e-03
9.033259888e+02;3.642437514e-04
9.035671387e+02;-2.515710657e-03
9.038082275e+02;-6.949957460e-04
9.040493774e+02;-2.413403708e-03
9.042905273e+02;4.347006325e-04
9.045317383e+02;-9.576696903e-05
9.047728882e+02;1.140286680e-03
9.050140381e+02;-6.248272257e-05
9.052552490e+02;4.018673208e-04
9.054964600e+02;4.893452860e-04
9.057376709e+02;-2.224818803e-03
9.059788818e+02;-9.715276537e-04
9.062200928e+02;-1.724540954e-03
9.064613037e+02;-5.764435045e-04
9.067025757e+02;-1.824150095e-04
9.069437866e+02;-8.095626254e-05
9.071850586e+02;1.617345493e-03
9.074263306e+02;8.484655991e-04
9.076676025e+02;-8.337170584e-04
9.079088745e+02;-1.092127524e-03
9.081502075e+02;-6.453938549e-04
9.083914795e+02;-1.096847700e-05
9.086328125e+02;4.011457786e-04
9.088740845e+02;-3.201352665e-04
9.091154175e+02;2.081379993e-03
9.093567505e+02;-4.483922385e-05
9.095980835e+02;-5.441246321e-04
9.098394165e+02;-3.377877874e-04
9.100808105e+02;-9.014944080e-04
9.103221436e+02;-1.776335062e-03
9.105635376e+02;-3.529503010e-04
9.108049316e+02;-2.412600908e-03
9.110463257e+02;-1.141052344e-04
9.112877197e+02;-1.109256875e-03
9.115291138e+02;-8.501338307e-04
9.117705078e+02;-1.983970869e-03
9.120119629e+02;1.857868745e-03
9.122534180e+02;2.283819485e-04
9.124948120e+02;-1.451410353e-03
9.127362671e+02;-9.016210679e-04
9.129777222e+02;1.052195206e-03
9.132191772e+02;-1.416700543e-03
9.134606934e+02;2.108557383e-04
9.137021484e+02;-5.270222900e-04
9.139436646e+02;-1.537354547e-03
9.141851807e+02;-1.092100516e-03
9.144266357e+02;-2.343776869e-03
9.146681519e+02;-2.161054872e-04
9.149097290e+02;-1.778870123e-03
9.151512451e+02;-6.290223682e-04
9.153927612e+02;-7.831772673e-04
9.156343384e+02;5.221965257e-04
9.158758545e+02;-2.841984387e-04
9.161174316e+02;4.715034738e-04
9.163590088e+02;-2.509503393e-04
9.166005859e+02;3.669952275e-04
9.168422241e+02;1.001014840e-03
9.170838013e+02;-1.298103365e-03
9.173253784e+02;-3.269987181e-03
9.175670166e+02;7.285331376e-04
9.178086548e+02;-1.176953199e-03
9.180502930e+02;-8.696538280e-04
9.182919312e+02;2.082282212e-03
9.185335693e+02;1.784192864e-04
9.187752075e+02;-1.623226795e-03
9.190169067e+02;-5.258223973e-04
9.192585449e+02;-1.244090265e-03
9.195002441e+02;5.385023542e-06
9.197419434e+02;-4.216120578e-04
9.199836426e+02;-7.986014243e-04
9.202253418e+02;-4.399102181e-05
9.204670410e+02;-1.073735068e-03
9.207088013e+02;1.052889740e-03
9.209505005e+02;-2.326837042e-03
9.211922607e+02;1.086823642e-03
9.214340210e+02;3.657593334e-04
9.216757812e+02;8.797201444e-04
9.219175415e+02;-2.068228088e-03
9.221593018e+02;9.021954611e-05
9.224010620e+02;-9.570387192e-05
9.226428833e+02;-1.521686791e-03
9.228846436e+02;-3.880661679e-04
9.231264648e+02;5.379727227e-04
9.233682861e+02;-1.294729300e-03
9.236101074e+02;1.961532980e-04
9.238519287e+02;4.878207110e-04
9.240937500e+02;-1.637432724e-04
9.243356323e+02;2.253548242e-03
9.245774536e+02;7.088329294e-04
9.248193359e+02;-1.470379066e-04
9.250612183e+02;-2.292849123e-03
9.253031006e+02;-1.262076665e-03
9.255449829e+02;-1.710118260e-03
9.257868652e+02;9.671981679e-04
9.260288086e+02;-9.198960615e-04
9.262706909e+02;-1.496449113e-04
9.265126343e+02;-3.187910188e-04
9.267545776e+02;-4.380471073e-04
9.269964600e+02;2.279939363e-04
9.272384033e+02;2.484708093e-04
9.274804077e+02;9.119400056e-05
9.277223511e+02;1.154060010e-03
9.279642944e+02;4.009382101e-04
9.282062988e+02;-1.399553264e-03
9.284483032e+02;-4.410418915e-04
9.286903076e+02;-1.212366507e-03
9.289323120e+02;2.294013975e-04
9.291743164e+02;-5.075021181e-04
9.294163208e+02;-5.082871066e-04
9.296583252e+02;-4.383714404e-04
9.299003906e+02;-1.605177182e-03
9.301424561e+02;-1.038890099e-03
9.303844604e+02;9.320282843e-04
9.306265259e+02;2.318732440e-04
9.308685913e+02;2.021389082e-05
9.311107178e+02;-6.269474979e-04
9.313527832e+02;-1.074835891e-03
9.315948486e+02;4.208879545e-05
9.318369751e+02;1.275128918e-03
9.320791016e+02;1.567130326e-03
9.323212280e+02;-4.741006996e-04
9.325633545e+02;-8.170388755e-04
9.328054810e+02;-8.510177722e-04
9.330476074e+02;1.053936547e-03
9.332897339e+02;-8.162900340e-04
9.335319214e+02;3.325563157e-04
9.337741089e+02;-5.759382620e-04
9.340162354e+02;-2.695231233e-04
9.342584229e+02;-7.478450425e-04
9.345006104e+02;-3.710270394e-04
9.347428589e+02;4.888745025e-06
9.349850464e+02;-3.200847423e-03
9.352272339e+02;3.678342327e-04
9.354694824e+02;-1.639499096e-03
9.357117310e+02;1.440795604e-04
9.359539795e+02;-8.687336231e-04
9.361962280e+02;1.442779321e-04
9.364384766e+02;-5.437456421e-04
9.366807251e+02;-4.388496745e-04
9.369229736e+02;-4.219729453e-04
9.371652832e+02;-8.177967975e-04
9.374075928e+02;-2.002209949e-04
9.376498413e+02;1.723432448e-03
9.378921509e+02;1.360017690e-03
9.381344604e+02;-6.247370038e-05
9.383768311e+02;1.069144113e-03
9.386191406e+02;1.033730572e-03
9.388614502e+02;1.033568289e-03
9.391038208e+02;-1.006120117e-03
9.393461914e+02;1.309793675e-03
9.395885620e+02;-1.264810096e-03
9.398309326e+02;-7.821215549e-04
9.400733032e+02;-1.775658457e-03
9.403156738e+02;2.423731610e-03
9.405580444e+02;-1.006778679e-03
9.408004761e+02;-2.153766342e-03
9.410429077e+02;1.722268644e-03
9.412852783e+02;3.877747804e-05
9.415277100e+02;9.499785956e-04
9.417701416e+02;-6.800224073e-04
9.420126343e+02;-1.992105972e-04
9.422550659e+02;-2.867517469e-05
9.424974976e+02;-2.240991918e-03
9.427399902e+02;-1.021963544e-05
9.429824829e+02;-3.376525128e-04
9.432249756e+02;-1.519358950e-03
9.434674683e+02;-3.526436631e-04
9.437099609e+02;4.345652997e-04
9.439524536e+02;-7.144614938e-04
9.441949463e+02;-2.019339241e-03
9.444375000e+02;-1.967671560e-03
9.446800537e+02;-9.739093366e-05
9.449225464e+02;6.954651326e-06
9.451651001e+02;-1.655735075e-03
9.454076538e+02;-9.884944884e-04
9.456502075e+02;-8.865125710e-04
9.458928223e+02;-2.068832517e-03
9.461353760e+02;-2.846047282e-04
9.463779907e+02;-6.285532145e-04
9.466206055e+02;-5.086390302e-04
9.468631592e+02;-1.897259848e-03
9.471057739e+02;-1.262437319e-03
9.473483887e+02;-1.640951494e-03
9.475910645e+02;-8.342223591e-04
9.478336792e+02;-3.045576159e-04
9.480763550e+02;2.184417564e-03
9.483189697e+02;1.000491437e-03
9.485616455e+02;-2.921652049e-05
9.488043213e+02;2.989743371e-04
9.490469971e+02;-1.983195078e-03
9.492896729e+02;-1.658080844e-03
9.495323486e+02;2.983697923e-04
9.497750854e+02;-5.253442796e-04
9.500177612e+02;-1.073590829e-03
9.502604980e+02;-1.398533583e-03
9.505032349e+02;2.237898298e-05
9.507459717e+02;7.615109207e-04
9.509887085e+02;-7.148674922e-04
9.512314453e+02;1.892560394e-03
9.514741821e+02;-2.066730522e-03
9.517169800e+02;-4.388224334e-04
9.519597168e+02;-1.313879329e-04
9.522025146e+02;-3.172666766e-04
9.524453125e+02;-2.429288113e-03
9.526881104e+02;1.120676403e-03
9.529309082e+02;4.702855367e-04
9.531737061e+02;1.705021947e-03
9.534165649e+02;-4.574765626e-04
9.536593628e+02;-6.629743148e-04
9.539022217e+02;-7.316179108e-04
9.541450806e+02;-7.637203671e-04
9.543879395e+02;-3.099406604e-03
9.546307983e+02;-1.930065919e-03
9.548736572e+02;-1.176601276e-03
9.551165161e+02;4.108715802e-05
9.553594360e+02;-1.298283809e-03
9.556022949e+02;-3.185023088e-04
9.558452148e+02;3.875955008e-05
9.560881348e+02;-5.585926119e-04
9.563310547e+02;1.343998127e-03
9.565739746e+02;-1.433477970e-03
9.568168945e+02;-4.232990905e-04
9.570598145e+02;-4.574946070e-04
9.573027954e+02;9.847243782e-04
9.575457153e+02;-6.295817439e-04
9.577886963e+02;-4.759500735e-04
9.580316772e+02;1.431052340e-03
9.582746582e+02;1.441426575e-04
9.585176392e+02;-7.129549049e-04
9.587606201e+02;-1.588706393e-03
9.590036621e+02;7.783065084e-04
9.592466431e+02;-1.659533154e-04
9.594896851e+02;4.525698023e-04
9.597327271e+02;-1.827669039e-04
9.599757080e+02;-1.128243748e-04
9.602187500e+02;-3.872001544e-04
9.604618530e+02;-6.977471639e-04
9.607048950e+02;-2.524389420e-04
9.609479370e+02;-9.710945887e-04
9.611910400e+02;-7.315817638e-04
9.614341431e+02;1.412659651e-03
9.616771851e+02;-3.192331642e-04
9.619202881e+02;-6.058812141e-05
9.621633911e+02;-5.611276720e-04
9.624065552e+02;5.221515894e-04
9.626496582e+02;-1.058948692e-05
9.628927612e+02;-6.294734194e-04
9.631359253e+02;-1.039314200e-03
9.633790894e+02;-1.246417756e-03
9.636222534e+02;1.787983347e-04
9.638654175e+02;-1.316946873e-04
9.641085815e+02;-1.107705059e-03
9.643517456e+02;-6.616571918e-04
9.645949097e+02;-4.417456221e-04
9.648381348e+02;-1.363913994e-03
9.650812988e+02;-1.195273362e-03
9.653245239e+02;-1.021887176e-03
9.655677490e+02;-9.875562973e-04
9.658109741e+02;9.482102469e-04
9.660541992e+02;-1.263402635e-03
9.662974243e+02;-2.531243255e-03
9.665407104e+02;3.668511054e-04
9.667839355e+02;-1.176078105e-03
9.670272217e+02;-1.140935346e-03
9.672705078e+02;-1.743682195e-03
9.675137939e+02;-1.070683356e-05
9.677570801e+02;8.650987875e-04
9.680003662e+02;5.816225894e-05
9.682436523e+02;7.452026475e-04
9.684869995e+02;1.738811610e-03
9.687302856e+02;2.804284450e-04
9.689736328e+02;-9.210779099e-04
9.692169800e+02;-4.593079211e-05
9.694603271e+02;1.779773738e-04
9.697036743e+02;-2.848572331e-05
9.699470215e+02;-1.040685456e-03
9.701903687e+02;9.198789485e-05
9.704337769e+02;-1.996796927e-04
9.706771240e+02;-1.469180104e-03
9.709205322e+02;5.540825659e-04
9.711639404e+02;-2.138586715e-04
9.714073486e+02;-1.312003005e-03
9.716507568e+02;3.162750509e-04
9.718941650e+02;2.803021926e-04
9.721376343e+02;-7.670674240e-04
9.723810425e+02;-1.041767886e-03
9.726245117e+02;5.841488019e-05
9.728679199e+02;-5.579972640e-04
9.731113892e+02;7.784507470e-04
9.733548584e+02;2.617293503e-04
9.735983276e+02;-5.777517217e-04
9.738418579e+02;-2.427402418e-03
9.740853271e+02;1.052745618e-03
9.743287964e+02;2.150113694e-03
9.745723267e+02;-2.171879169e-04
9.748158569e+02;1.267879270e-04
9.750593872e+02;1.378265792e-03
9.753029175e+02;-9.538751328e-04
9.755464478e+02;-9.730793536e-04
9.757899780e+02;-5.404888652e-04
9.760335693e+02;-2.169894287e-04
9.762770996e+02;4.735426046e-06
9.765206909e+02;4.179077223e-05
9.767642822e+02;7.794525009e-04
9.770078125e+02;1.000581775e-03
9.772514038e+02;7.557123899e-05
9.774950562e+02;-1.008222345e-03
9.777386475e+02;3.498118604e-04
9.779822388e+02;4.010645207e-04
9.782258911e+02;-1.522155944e-03
9.784695435e+02;-9.538660524e-04
9.787131348e+02;1.942495874e-04
9.789567871e+02;3.665892873e-04
9.792004395e+02;-1.707853982e-03
9.794441528e+02;1.155467355e-03
9.796878052e+02;-2.321703359e-04
9.799314575e+02;-1.313058659e-03
9.801751709e+02;1.585107762e-03
9.804188843e+02;8.126283064e-04
9.806625366e+02;-1.517816447e-03
9.809062500e+02;-9.696241468e-04
9.811499634e+02;9.238487110e-05
9.813937378e+02;-1.691500423e-03
9.816374512e+02;4.194297362e-04
9.818811646e+02;1.071237260e-03
9.821249390e+02;6.415967364e-04
9.823687134e+02;-3.714781196e-04
9.826124268e+02;-1.125014853e-03
9.828562012e+02;-8.324454539e-04
9.830999756e+02;2.183894161e-03
9.833438110e+02;-1.589184511e-03
9.835875854e+02;-8.338704938e-04
9.838313599e+02;-6.974674761e-04
9.840751953e+02;-1.435823506e-03
9.843190308e+02;-1.041804091e-03
9.845628662e+02;1.225238433e-03
9.848067017e+02;-7.682433352e-05
9.850505371e+02;-1.519512502e-03
9.852943726e+02;-2.520780545e-04
9.855382080e+02;-9.686313570e-04
9.857821045e+02;-1.000282355e-03
9.860259399e+02;-5.590976216e-04
9.862698364e+02;-8.674433921e-04
9.865137329e+02;5.723757786e-04
9.867576294e+02;6.046947092e-04
9.870015259e+02;-8.848435245e-04
9.872454224e+02;-2.513211453e-03
9.874893799e+02;4.014705773e-04
9.877332764e+02;-6.270555314e-04
9.879772339e+02;-6.469456712e-04
9.882211304e+02;7.265937747e-04
9.884650879e+02;-4.555007908e-04
9.887090454e+02;-1.492389711e-04
9.889530029e+02;-9.895591065e-04
9.891970215e+02;-7.302828599e-04
9.894409790e+02;-9.751721518e-05
9.896849365e+02;1.963966060e-04
9.899289551e+02;5.209336523e-04
9.901729736e+02;-9.884043830e-04
9.904169922e+02;-1.228774199e-03
9.906610107e+02;1.534071751e-03
9.909050293e+02;-3.028327134e-03
9.911490479e+02;-1.089384779e-03
9.913930664e+02;7.607440930e-04
9.916371460e+02;-1.933070133e-03
9.918811646e+02;-9.941216558e-05
9.921252441e+02;-2.335142344e-04
9.923693237e+02;7.102312520e-04
9.926134033e+02;-8.525876328e-04
9.928574829e+02;-7.303908933e-04
9.931015625e+02;-7.466995157e-04
9.933457031e+02;1.088366145e-03
9.935897827e+02;-6.251344457e-04
9.938339233e+02;-1.691013342e-03
9.940780640e+02;-7.656870876e-04
9.943221436e+02;-3.700074740e-04
9.945662842e+02;9.146193624e-04
9.948104248e+02;2.648148220e-04
9.950546265e+02;-2.188106067e-03
9.952987671e+02;2.632540418e-04
9.955429688e+02;-1.125700539e-03
9.957871094e+02;4.857728200e-04
9.960313110e+02;4.355487181e-04
9.962755127e+02;-5.246677902e-04
9.965197144e+02;-7.484585512e-04
9.967639160e+02;-3.035743721e-04
9.970081177e+02;-9.686767589e-05
9.972523193e+02;-1.862026984e-03
9.974965820e+02;-3.697008360e-04
9.977408447e+02;4.864765797e-04
9.979850464e+02;-7.979245856e-05
9.982293091e+02;-8.174539544e-04
9.984735718e+02;1.138058375e-03
9.987178345e+02;-1.453963341e-03
9.989620972e+02;-8.505035657e-04
9.992064209e+02;-1.964207273e-03
9.994506836e+02;7.618539967e-04
9.996950073e+02;-9.036057745e-04
9.999393311e+02;1.139790285e-03
1.000183594e+03;-1.004847931e-03
1.000427917e+03;-1.280604163e-03
1.000672302e+03;-8.338614134e-04
1.000916626e+03;-5.590885412e-04
1.001160950e+03;5.870601162e-04
1.001405334e+03;-1.503113890e-03
1.001649658e+03;-1.759557519e-03
1.001894043e+03;8.464088314e-04
1.002138428e+03;-8.065737784e-04
1.002382812e+03;8.113742806e-04
1.002627197e+03;-8.162900340e-04
1.002871582e+03;-1.742112450e-03
1.003115967e+03;-1.642121933e-04
1.003360413e+03;-4.542646930e-04
1.003604797e+03;-1.821082551e-04
1.003849243e+03;-1.381675247e-03
1.004093689e+03;-1.228565816e-05
1.004338135e+03;-1.331234351e-03
1.004582581e+03;-8.359996136e-04
1.004827026e+03;6.763606798e-04
1.005071472e+03;5.728719989e-04
1.005315979e+03;7.265305612e-04
1.005560425e+03;-4.576660285e-04
1.005804932e+03;-5.761547945e-04
1.006049438e+03;-7.313021342e-04
1.006293945e+03;-3.686719574e-04
1.006538452e+03;-1.139933709e-03
1.006782959e+03;-5.771111464e-04
1.007027466e+03;-2.648318186e-04
1.007272034e+03;-1.298067276e-03
1.007516541e+03;8.471666370e-04
1.007761108e+03;5.720600020e-04
1.008005676e+03;-5.961803254e-04
1.008250244e+03;-4.200874828e-04
1.008494812e+03;6.237907801e-04
1.008739380e+03;-5.253533600e-04
1.008983948e+03;-1.759395236e-03
1.009228577e+03;-2.293525496e-03
1.009473145e+03;-1.072598156e-03
1.009717773e+03;2.810058650e-04
1.009962402e+03;4.518660717e-04
1.010207031e+03;-3.382840659e-04
1.010451660e+03;-8.150632493e-04
1.010696289e+03;1.763444161e-04
1.010940918e+03;-1.225652639e-03
1.011185547e+03;-4.566104617e-04
1.011430237e+03;-1.606223639e-03
1.011674927e+03;-1.658008550e-03
1.011919556e+03;-9.347968735e-04
1.012164246e+03;-9.542359039e-04
1.012408936e+03;-8.847804274e-04
1.012653625e+03;-4.545985721e-04
1.012898376e+03;6.761078257e-04
1.013143066e+03;-4.927996779e-04
1.013387817e+03;-5.436825450e-04
1.013632507e+03;-1.832811395e-04
1.013877258e+03;-8.160013240e-04
1.014122009e+03;-1.073906547e-03
1.014366760e+03;1.017133705e-03
1.014611511e+03;-1.091956161e-03
1.014856262e+03;-1.553762238e-03
1.015101013e+03;-2.206516685e-03
1.015345825e+03;-1.741679618e-03
1.015590576e+03;1.876098569e-03
1.015835388e+03;-1.460360363e-04
1.016080200e+03;5.542990984e-04
1.016325012e+03;-8.002434624e-04
1.016569824e+03;4.856735468e-04
1.016814636e+03;-3.360374831e-04
1.017059509e+03;1.961260568e-04
1.017304321e+03;-6.604301743e-04
1.017549194e+03;-4.575848579e-04
1.017794006e+03;9.492388344e-04
1.018038879e+03;4.712599330e-04
1.018283752e+03;2.982344013e-04
1.018528625e+03;-1.691202749e-03
1.018773499e+03;7.945967955e-04
1.019018372e+03;2.786961850e-04
1.019263306e+03;-7.308149943e-04
1.019508179e+03;-1.492398791e-03
1.019753113e+03;-9.950436652e-04
1.019998047e+03;-1.647149213e-03
1.020242981e+03;-4.287753254e-04
1.020487915e+03;-1.424504444e-03
1.020732849e+03;-1.304201782e-03
