1.940950928e+02;2.263762755e-03
1.942986603e+02;4.578974564e-03
1.945022430e+02;3.447093070e-03
1.947058411e+02;-4.287429329e-04
1.949094543e+02;-2.178014023e-03
1.951130829e+02;-8.574858657e-04
1.953167267e+02;3.309895284e-03
1.955203857e+02;1.937918016e-03
1.957240601e+02;4.716172349e-03
1.959277496e+02;2.280912362e-03
1.961314545e+02;-5.487909657e-04
1.963351746e+02;-3.275595838e-03
1.965389252e+02;-3.772937634e-04
1.967426758e+02;3.498542355e-03
1.969464417e+02;-9.089349769e-04
1.971502228e+02;8.403361426e-04
1.973540192e+02;2.864002716e-03
1.975578308e+02;8.917853120e-04
1.977616577e+02;2.864002716e-03
1.979654999e+02;-7.717372500e-04
1.981693573e+02;2.709655324e-03
1.983732300e+02;3.086949000e-03
1.985771179e+02;3.104098840e-03
1.987810211e+02;-2.298061969e-03
1.989849548e+02;1.714971768e-05
1.991888885e+02;2.778254217e-03
1.993928375e+02;1.817869954e-03
1.995968018e+02;-2.555307932e-03
1.998007812e+02;-1.028983024e-04
2.000047760e+02;3.361344570e-03
2.002087860e+02;2.726804931e-03
2.004128113e+02;-1.389127108e-03
2.006168518e+02;3.549991408e-03
2.008209076e+02;-5.144915121e-05
2.010249786e+02;-1.474875608e-03
2.012290649e+02;-8.917853120e-04
2.014331818e+02;1.663522562e-03
2.016372986e+02;3.327045124e-03
2.018414307e+02;7.031384157e-04
2.020455780e+02;-4.458926560e-04
2.022497406e+02;2.572457597e-04
2.024539185e+02;-3.086949000e-04
2.026581116e+02;5.230663810e-03
2.028623199e+02;1.183330431e-03
2.030665436e+02;-8.574858657e-05
2.032707825e+02;2.864002716e-03
2.034750366e+02;3.635739908e-03
2.036793060e+02;2.812553663e-03
2.038835907e+02;1.697822008e-03
2.040878906e+02;1.371977414e-04
2.042922058e+02;-1.972217346e-03
2.044965363e+02;1.783570624e-03
2.047008820e+02;3.258446231e-04
2.049052429e+02;-7.374378038e-04
2.051096191e+02;6.739838980e-03
2.053140106e+02;2.075115684e-03
2.055184174e+02;-6.859886926e-04
2.057228394e+02;1.869319123e-03
2.059272919e+02;-2.521008486e-03
2.061317444e+02;9.089349769e-04
2.063362122e+02;3.670039354e-03
2.065406799e+02;7.202881388e-04
2.067451782e+02;1.577773946e-03
2.069496918e+02;2.280912362e-03
2.071542206e+02;-2.572457597e-04
2.073587646e+02;-1.063282485e-03
2.075633240e+02;4.578974564e-03
2.077678986e+02;-7.031384157e-04
2.079724884e+02;2.726804931e-03
2.081770935e+02;5.659406888e-04
2.083817139e+02;8.351911791e-03
2.085863495e+02;-1.131881378e-03
2.087910004e+02;1.200480183e-04
2.089956665e+02;3.155547893e-03
2.092003479e+02;4.201680887e-03
2.094050446e+02;1.766420901e-03
2.096097565e+02;1.749271178e-03
2.098144836e+02;1.080432208e-03
2.100192108e+02;1.251929323e-03
2.102239685e+02;1.714971731e-04
2.104287415e+02;-2.109415131e-03
2.106335297e+02;-1.028983024e-04
2.108383331e+02;4.064483102e-03
2.110431519e+02;4.956268240e-03
2.112479858e+02;3.309895284e-03
2.114528198e+02;3.995884210e-03
2.116576843e+02;1.629223116e-03
2.118625641e+02;2.349511255e-03
2.120674591e+02;2.126564970e-03
2.122723694e+02;4.167381208e-03
2.124772797e+02;4.544674885e-03
2.126822205e+02;6.002400769e-04
2.128871765e+02;-6.002400769e-04
2.130921478e+02;2.143714577e-03
2.132971191e+02;3.429943463e-03
2.135021210e+02;7.202881388e-04
2.137071381e+02;-2.915451769e-04
2.139121704e+02;9.603841463e-04
2.141172028e+02;4.390327726e-03
2.143222656e+02;-1.680672285e-03
2.145273438e+02;-2.435259754e-03
2.147324219e+02;1.200480154e-03
2.149375305e+02;4.613273777e-03
2.151426544e+02;2.829703270e-03
2.153477783e+02;3.224146785e-03
2.155529327e+02;1.028983024e-04
2.157580872e+02;-1.423426555e-03
2.159632721e+02;3.035499947e-03
2.161684723e+02;3.635739908e-03
2.163736725e+02;2.349511255e-03
2.165789032e+02;2.778254217e-03
2.167841339e+02;2.932601608e-03
2.169893951e+02;8.866403252e-03
2.171946564e+02;1.612073393e-03
2.173999481e+02;-5.144915194e-04
2.176052399e+02;1.612073393e-03
2.178105621e+02;3.515691962e-03
2.180158844e+02;-1.612073393e-03
2.182212372e+02;3.721488640e-03
2.184265900e+02;2.315211808e-03
2.186319733e+02;5.659406888e-04
2.188373566e+02;-2.229463280e-04
2.190427704e+02;2.298061969e-03
2.192481842e+02;1.543474500e-04
2.194536133e+02;4.801920615e-03
2.196590729e+02;2.263762755e-03
2.198645325e+02;2.246612916e-03
2.200700073e+02;2.932601608e-03
2.202755127e+02;-1.543474500e-04
2.204810181e+02;1.680672285e-03
2.206865387e+02;8.231864194e-04
2.208920898e+02;2.521008486e-03
2.210976410e+02;3.429943463e-04
2.213032074e+02;3.807237139e-03
2.215087891e+02;-5.830903538e-04
2.217144012e+02;1.251929323e-03
2.219200134e+02;-1.714971768e-05
2.221256409e+02;4.458926560e-04
2.223312836e+02;-2.881152555e-03
2.225369415e+02;3.138398286e-03
2.227426147e+02;4.287429329e-04
2.229483185e+02;-5.487909657e-04
2.231540222e+02;-1.303378493e-03
2.233597412e+02;-1.131881378e-03
2.235654755e+02;1.817869954e-03
2.237712250e+02;-1.354827662e-03
2.239769897e+02;1.646372839e-03
2.241827698e+02;-8.746355888e-04
2.243885651e+02;3.086949000e-03
2.245943756e+02;4.373177886e-03
2.248002014e+02;5.042016972e-03
2.250060425e+02;3.858686425e-03
2.252118988e+02;-9.946835926e-04
2.254177704e+02;2.229463280e-04
2.256236572e+02;3.361344570e-03
2.258295441e+02;8.403361426e-04
2.260354614e+02;-1.234779600e-03
2.262413940e+02;-1.337677939e-03
2.264473419e+02;5.865203217e-03
2.266533051e+02;2.881152555e-03
2.268592834e+02;0.000000000e+00
2.270652618e+02;1.817869954e-03
2.272712708e+02;1.629223116e-03
2.274772949e+02;3.344194731e-03
2.276833191e+02;1.732121455e-03
2.278893738e+02;-2.280912362e-03
2.280954437e+02;1.320528216e-03
2.283015137e+02;-1.406276831e-03
2.285076141e+02;3.772937693e-03
2.287137299e+02;2.280912362e-03
2.289198456e+02;4.596123938e-03
2.291259918e+02;2.418110147e-03
2.293321381e+02;9.089349769e-04
2.295383148e+02;-8.574858657e-05
2.297444916e+02;-1.046132762e-03
2.299506989e+02;-4.115932097e-04
2.301569061e+02;2.057966049e-04
2.303631439e+02;5.745155271e-03
2.305693817e+02;4.373177886e-03
2.307756500e+02;5.573657807e-03
2.309819183e+02;1.269079046e-03
2.311882019e+02;3.978734370e-03
2.313945160e+02;4.167381208e-03
2.316008301e+02;-1.149030984e-03
2.318071594e+02;1.149030984e-03
2.320135040e+02;1.594923669e-03
2.322198792e+02;4.681872670e-03
2.324262543e+02;1.131881378e-03
2.326326447e+02;3.532841802e-03
2.328390503e+02;1.080432208e-03
2.330454712e+02;2.486709040e-03
2.332519073e+02;2.332361415e-03
2.334583740e+02;3.584290855e-03
2.336648407e+02;6.002401002e-03
2.338713226e+02;3.978734370e-03
2.340778198e+02;3.447093070e-03
2.342843323e+02;4.235980101e-03
2.344908600e+02;-1.732121455e-03
2.346974030e+02;-2.263762755e-03
2.349039459e+02;-6.688389694e-04
2.351105194e+02;6.859887071e-05
2.353171082e+02;-1.389127108e-03
2.355237122e+02;2.623906592e-03
2.357303314e+02;5.144915121e-05
2.359369659e+02;-5.316412426e-04
2.361436005e+02;-4.287429329e-04
2.363502655e+02;-5.659406888e-04
2.365569458e+02;-7.202881388e-04
2.367636414e+02;2.949751215e-03
2.369703369e+02;1.526324777e-03
2.371770630e+02;3.361344570e-03
2.373837891e+02;1.612073393e-03
2.375905457e+02;2.572457597e-04
2.377973175e+02;2.315211808e-03
2.380040894e+02;-2.315211808e-03
2.382108917e+02;-9.089349769e-04
2.384176941e+02;1.474875608e-03
2.386245270e+02;3.001200501e-03
2.388313599e+02;8.060366963e-04
2.390382080e+02;4.819070455e-03
2.392450867e+02;-1.200480154e-03
2.394519653e+02;1.457726001e-03
2.396588593e+02;6.534042303e-03
2.398657837e+02;-2.692505484e-03
2.400727081e+02;4.287429329e-04
2.402796478e+02;1.766420901e-03
2.404866028e+02;1.320528216e-03
2.406935883e+02;6.139598787e-03
2.409005737e+02;2.538158093e-03
2.411075745e+02;1.543474500e-04
2.413145905e+02;1.149030984e-03
2.415216217e+02;7.202881388e-04
2.417286682e+02;-1.251929323e-03
2.419357300e+02;4.356028046e-03
2.421428070e+02;2.315211808e-03
2.423498993e+02;1.543474500e-04
2.425570068e+02;3.772937693e-03
2.427641296e+02;9.260847000e-04
2.429712524e+02;4.458926560e-04
2.431784058e+02;1.440576278e-03
2.433855743e+02;1.543474500e-03
2.435927582e+02;9.260847000e-04
2.437999573e+02;1.714971731e-04
2.440071564e+02;9.432344232e-04
2.442143860e+02;7.717372500e-04
2.444216156e+02;2.040816238e-03
2.446288757e+02;-1.646372839e-03
2.448361511e+02;1.457726001e-03
2.450434265e+02;1.114731655e-03
2.452507324e+02;2.366660861e-03
2.454580383e+02;-6.002400769e-04
2.456653748e+02;-2.383810701e-03
2.458727112e+02;-9.603841463e-04
2.460800629e+02;2.400960308e-03
2.462874451e+02;8.746355888e-04
2.464948273e+02;9.946835926e-04
2.467022247e+02;2.846853109e-03
2.469096375e+02;1.028983039e-03
2.471170807e+02;-1.200480183e-04
2.473245239e+02;-2.795403823e-03
2.475319824e+02;1.594923669e-03
2.477394562e+02;3.652889747e-03
2.479469452e+02;6.825587247e-03
2.481544495e+02;-2.160864417e-03
2.483619690e+02;5.659406888e-04
2.485695038e+02;-1.389127108e-03
2.487770538e+02;9.603841463e-04
2.489846191e+02;8.746355888e-04
2.491921997e+02;-9.260847000e-04
2.493997955e+02;3.498542355e-03
2.496074066e+02;-1.594923669e-03
2.498150177e+02;1.714971731e-04
2.500226593e+02;-2.726804931e-03
2.502303162e+02;-1.955067739e-03
2.504379730e+02;3.018350108e-03
2.506456604e+02;-3.944434866e-04
2.508533630e+02;5.813754164e-03
2.510610657e+02;-1.714971731e-04
2.512687988e+02;1.955067739e-03
2.514765320e+02;1.131881378e-03
2.516842957e+02;-1.354827662e-03
2.518920593e+02;1.835019677e-03
2.520998383e+02;-6.345395232e-04
2.523076477e+02;-1.817869954e-03
2.525154572e+02;-6.516892463e-04
2.527232819e+02;-5.144915121e-05
2.529311218e+02;-5.316412426e-04
2.531389923e+02;3.172697732e-03
2.533468628e+02;-1.646372839e-03
2.535547485e+02;3.121248446e-03
2.537626495e+02;-1.886468817e-04
2.539705658e+02;1.217629877e-03
2.541784973e+02;2.692505484e-03
2.543864441e+02;3.892985871e-03
2.545944061e+02;3.944434691e-03
2.548023834e+02;-2.915451769e-04
2.550103607e+02;1.714971731e-04
2.552183685e+02;3.532841802e-03
2.554263916e+02;1.492025331e-03
2.556344299e+02;-2.383810701e-03
2.558424683e+02;-9.946835926e-04
2.560505371e+02;-1.234779600e-03
2.562586060e+02;2.057966049e-04
2.564667053e+02;4.253129940e-03
2.566748047e+02;1.714971731e-04
2.568829346e+02;1.697822008e-03
2.570910645e+02;1.354827662e-03
2.572992249e+02;3.601440461e-03
2.575073853e+02;-1.149030984e-03
2.577155762e+02;-8.060366963e-04
2.579237671e+02;-4.218830261e-03
2.581319885e+02;-1.612073393e-03
2.583402100e+02;2.075115684e-03
2.585484314e+02;1.835019677e-03
2.587566833e+02;8.403361426e-04
2.589649658e+02;2.229463280e-04
2.591732483e+02;-8.917853120e-04
2.593815308e+02;2.486709040e-03
2.595898438e+02;-3.944434866e-04
2.597981873e+02;-1.594923669e-03
2.600065308e+02;-3.824386979e-03
2.602148743e+02;-3.035499947e-03
2.604232483e+02;1.166180708e-03
2.606316528e+02;1.286228769e-03
2.608400269e+02;-3.275595838e-03
2.610484619e+02;5.659406888e-04
2.612568665e+02;1.337677939e-03
2.614653320e+02;-5.144915121e-05
2.616737976e+02;3.824386979e-03
2.618822632e+02;-3.361344570e-03
2.620907593e+02;1.217629877e-03
2.622992554e+02;-5.144915121e-05
2.625077515e+02;-2.057966049e-04
2.627163086e+02;-3.704338800e-03
2.629248352e+02;-1.903618569e-03
2.631333923e+02;1.543474500e-04
2.633419800e+02;-4.973417963e-04
2.635505676e+02;2.023666631e-03
2.637591553e+02;5.796604324e-03
2.639678040e+02;2.229463309e-03
2.641764221e+02;1.732121455e-03
2.643850708e+02;-1.063282485e-03
2.645937195e+02;-1.629223116e-03
2.648023987e+02;7.545875269e-04
2.650111084e+02;-1.286228769e-03
2.652198181e+02;2.057966078e-03
2.654285278e+02;1.183330431e-03
2.656372681e+02;-7.374378038e-04
2.658460083e+02;5.042016972e-03
2.660547791e+02;1.714971768e-05
2.662635498e+02;3.772937634e-04
2.664723511e+02;-2.486709040e-03
2.666811523e+02;-4.801920732e-04
2.668899841e+02;-1.886468846e-03
2.670988159e+02;1.972217346e-03
2.673076782e+02;6.688389694e-04
2.675165405e+02;-8.917853120e-04
2.677254333e+02;4.201680887e-03
2.679343262e+02;1.269079046e-03
2.681432190e+02;3.429943463e-04
2.683521423e+02;-1.869319123e-03
2.685610962e+02;1.406276831e-03
2.687700500e+02;1.183330431e-03
2.689790039e+02;2.400960366e-04
2.691879883e+02;2.092265524e-03
2.693970032e+02;3.018350108e-03
2.696059875e+02;-3.944434866e-04
2.698150330e+02;-1.286228769e-03
2.700240784e+02;4.064483102e-03
2.702331238e+02;1.063282485e-03
2.704421997e+02;-6.688389694e-04
2.706512756e+02;1.680672285e-03
2.708603821e+02;1.817869954e-03
2.710694885e+02;3.327045124e-03
2.712786255e+02;-2.555307932e-03
2.714877625e+02;-8.231864194e-04
2.716968994e+02;9.775338694e-04
2.719060974e+02;1.183330431e-03
2.721152649e+02;3.927285317e-03
2.723244629e+02;-1.166180708e-03
2.725336914e+02;2.915451769e-04
2.727429199e+02;1.046132762e-03
2.729521484e+02;4.373177886e-03
2.731614075e+02;-5.316412426e-04
2.733706970e+02;3.995884210e-03
2.735799866e+02;1.080432208e-03
2.737892761e+02;2.400960308e-03
2.739985962e+02;4.510375671e-03
2.742079163e+02;2.006516792e-03
2.744172668e+02;-9.089349769e-04
2.746266174e+02;4.578974564e-03
2.748359985e+02;2.315211808e-03
2.750453796e+02;3.498542355e-03
2.752547913e+02;1.697822008e-03
2.754642029e+02;-9.089349769e-04
2.756736450e+02;3.515691962e-03
2.758830872e+02;8.403361426e-04
2.760925598e+02;2.075115684e-03
2.763020325e+02;4.270279314e-03
2.765115051e+02;5.848053377e-03
2.767210083e+02;2.109415131e-03
2.769305420e+02;7.374378038e-04
2.771400757e+02;3.721488640e-03
2.773496094e+02;-1.200480154e-03
2.775591736e+02;6.345395232e-04
2.777687378e+02;2.572457597e-04
2.779783325e+02;1.972217346e-03
2.781879578e+02;-7.374378038e-04
2.783975525e+02;-1.217629877e-03
2.786072083e+02;1.046132762e-03
2.788168640e+02;7.374378038e-04
2.790265198e+02;-8.574858657e-05
2.792361755e+02;5.830903538e-04
2.794458923e+02;1.714971731e-04
2.796555786e+02;1.972217346e-03
2.798652954e+02;-1.371977385e-03
2.800750427e+02;2.521008486e-03
2.802847900e+02;2.623906592e-03
2.804945679e+02;2.280912362e-03
2.807043457e+02;3.549991408e-03
2.809141235e+02;8.403361426e-04
2.811239319e+02;-2.623906592e-03
2.813337402e+02;-1.457726001e-03
2.815435791e+02;6.859886926e-04
2.817534485e+02;1.234779600e-03
2.819632874e+02;1.389127108e-03
2.821731873e+02;2.675355878e-03
2.823830872e+02;1.423426555e-03
2.825929871e+02;-3.944434866e-04
2.828029175e+02;4.801920732e-04
2.830128479e+02;8.060366963e-04
2.832227783e+02;-8.574858657e-04
2.834327393e+02;-2.418110147e-03
2.836427307e+02;-5.144915121e-05
2.838527222e+02;1.028983039e-03
2.840627441e+02;-8.917853120e-04
2.842727661e+02;6.345395232e-04
2.844827881e+02;1.543474500e-03
2.846928406e+02;1.457726001e-03
2.849029236e+02;-1.697822008e-03
2.851129761e+02;2.743954828e-04
2.853230896e+02;-3.601440694e-04
2.855332031e+02;2.315211808e-03
2.857433167e+02;2.332361415e-03
2.859534607e+02;1.612073393e-03
2.861636047e+02;-1.783570624e-03
2.863737793e+02;-6.688389694e-04
2.865839539e+02;4.956268240e-03
2.867941589e+02;5.042016972e-03
2.870043640e+02;-1.423426555e-03
2.872145691e+02;4.253129940e-03
2.874248047e+02;8.060366963e-04
2.876350708e+02;1.749271178e-03
2.878453369e+02;1.131881378e-03
2.880556030e+02;1.697822008e-03
2.882658997e+02;-4.441776779e-03
2.884762268e+02;6.499742623e-03
2.886865540e+02;8.060366963e-04
2.888968811e+02;3.086949000e-03
2.891072388e+02;2.092265524e-03
2.893175964e+02;3.721488640e-03
2.895279846e+02;1.903618569e-03
2.897383728e+02;3.258446231e-04
2.899487915e+02;-1.389127108e-03
2.901592102e+02;-2.126564970e-03
2.903696594e+02;-5.830903538e-04
2.905801086e+02;1.629223116e-03
2.907905579e+02;7.545875269e-04
2.910010376e+02;-1.440576278e-03
2.912115479e+02;2.726804931e-03
2.914220581e+02;3.035499947e-03
2.916325684e+02;-3.378494177e-03
2.918431091e+02;6.688389694e-04
2.920536804e+02;1.131881378e-03
2.922642212e+02;3.189847339e-03
2.924748230e+02;-5.316412426e-04
2.926854248e+02;-4.630423500e-04
2.928960266e+02;1.234779600e-03
2.931066284e+02;1.303378493e-03
2.933172913e+02;1.714971731e-04
2.935279236e+02;2.761104377e-03
2.937385864e+02;-3.086949000e-04
2.939492798e+02;-1.492025331e-03
2.941599731e+02;0.000000000e+00
2.943706970e+02;-1.097581931e-03
2.945814209e+02;1.714971768e-05
2.947921448e+02;-2.709655324e-03
2.950028992e+02;2.040816238e-03
2.952136536e+02;-2.143714577e-03
2.954244385e+02;-5.042016972e-03
2.956352539e+02;-1.011833316e-03
2.958460388e+02;1.114731655e-03
2.960568848e+02;3.944434866e-04
2.962677002e+02;-6.173898000e-04
2.964785767e+02;-1.903618569e-03
2.966894226e+02;-8.917853120e-04
2.969002991e+02;1.217629877e-03
2.971112061e+02;3.601440694e-04
2.973221130e+02;-1.800720231e-03
2.975330505e+02;-4.561824724e-03
2.977439880e+02;-1.886468817e-04
2.979549255e+02;2.229463280e-04
2.981658936e+02;-2.915451769e-04
2.983768616e+02;1.955067739e-03
2.985878601e+02;-3.601440694e-04
2.987988892e+02;-2.555307932e-03
2.990098877e+02;6.859887071e-05
2.992209473e+02;3.961584531e-03
2.994319763e+02;2.418110147e-03
2.996430359e+02;3.601440694e-04
2.998541260e+02;-2.521008486e-03
3.000652161e+02;2.280912362e-03
3.002763367e+02;-1.526324777e-03
3.004874573e+02;2.160864417e-03
3.006985779e+02;1.577773946e-03
3.009097290e+02;5.196364131e-03
3.011209106e+02;2.915451769e-04
3.013320923e+02;-2.229463280e-04
3.015432739e+02;1.612073393e-03
3.017544861e+02;2.126564970e-03
3.019656982e+02;1.457726001e-03
3.021769409e+02;-2.400960366e-04
3.023881836e+02;3.086949000e-04
3.025994568e+02;2.366660861e-03
3.028107300e+02;3.224146785e-03
3.030220337e+02;2.435259754e-03
3.032333374e+02;5.282112863e-03
3.034446411e+02;-5.487909657e-04
3.036559753e+02;1.835019677e-03
3.038673401e+02;2.572457597e-04
3.040787048e+02;1.680672285e-03
3.042900696e+02;-2.984050661e-03
3.045014648e+02;-9.432344232e-04
3.047128601e+02;2.400960366e-04
3.049242859e+02;-4.287429329e-04
3.051357117e+02;-2.057966049e-04
3.053471680e+02;9.775338694e-04
3.055586243e+02;1.714971731e-04
3.057701111e+02;1.337677939e-03
3.059815979e+02;-2.966901055e-03
3.061931152e+02;5.813754164e-03
3.064046326e+02;-1.543474500e-04
3.066161499e+02;3.189847339e-03
3.068276978e+02;-2.949751215e-03
3.070392761e+02;-3.138398286e-03
3.072508545e+02;5.487909657e-04
3.074624329e+02;1.920768293e-03
3.076740417e+02;1.526324777e-03
3.078856506e+02;2.280912362e-03
3.080972900e+02;-3.121248446e-03
3.083089294e+02;2.915451769e-04
3.085205994e+02;-8.231864194e-04
3.087322693e+02;-2.109415131e-03
3.089439392e+02;1.166180708e-03
3.091556702e+02;2.366660861e-03
3.093673706e+02;-3.412793623e-03
3.095791016e+02;1.114731655e-03
3.097908325e+02;5.487909541e-03
3.100025940e+02;-6.516892463e-04
3.102143860e+02;2.932601608e-03
3.104261780e+02;1.800720231e-03
3.106379700e+02;7.545875269e-04
3.108497925e+02;2.006516792e-03
3.110616150e+02;1.492025331e-03
3.112734680e+02;-2.057966049e-04
3.114853210e+02;1.200480183e-04
3.116971741e+02;2.143714577e-03
3.119090576e+02;-1.526324777e-03
3.121209717e+02;2.280912362e-03
3.123328857e+02;-1.166180708e-03
3.125447998e+02;8.746355888e-04
3.127567444e+02;1.509175054e-03
3.129687195e+02;9.775338694e-04
3.131806641e+02;1.303378493e-03
3.133926697e+02;-1.080432208e-03
3.136046448e+02;1.269079046e-03
3.138166809e+02;1.783570624e-03
3.140286865e+02;-3.429943463e-04
3.142407532e+02;7.631624117e-03
3.144527893e+02;-1.817869954e-03
3.146648560e+02;5.282112863e-03
3.148769531e+02;-1.028983024e-04
3.150890503e+02;1.131881378e-03
3.153011475e+02;1.714971731e-04
3.155132751e+02;1.028983024e-04
3.157254028e+02;-4.253129940e-03
3.159375610e+02;2.521008486e-03
3.161497192e+02;1.714971768e-05
3.163619080e+02;1.474875608e-03
3.165740967e+02;8.317613043e-03
3.167863159e+02;-1.063282485e-03
3.169985352e+02;1.474875608e-03
3.172107849e+02;-3.944434866e-04
3.174230347e+02;4.921968561e-03
3.176352844e+02;-1.663522562e-03
3.178475647e+02;-3.429943536e-05
3.180598755e+02;1.200480154e-03
3.182721863e+02;4.973417963e-04
3.184844971e+02;3.155547893e-03
3.186968384e+02;-2.932601608e-03
3.189091797e+02;-3.258446231e-04
3.191215515e+02;-1.474875608e-03
3.193339233e+02;1.183330431e-03
3.195462952e+02;1.028983039e-03
3.197586975e+02;-1.714971731e-04
3.199711304e+02;1.269079046e-03
3.201835632e+02;1.680672285e-03
3.203960266e+02;-1.509175054e-03
3.206084595e+02;-2.178014023e-03
3.208209534e+02;-7.545875269e-04
3.210334473e+02;5.350711755e-03
3.212459412e+02;8.866403252e-03
3.214584656e+02;9.398045018e-03
3.216709900e+02;-1.955067739e-03
3.218835449e+02;5.024867132e-03
3.220960999e+02;2.812553663e-03
3.223086548e+02;1.972217346e-03
3.225212402e+02;1.354827662e-03
3.227338562e+02;3.807237139e-03
3.229464722e+02;-1.852169400e-03
3.231590881e+02;2.984050661e-03
3.233717346e+02;-2.761104377e-03
3.235843811e+02;-1.217629877e-03
3.237970581e+02;2.143714577e-03
3.240097351e+02;1.526324777e-03
3.242224426e+02;2.195163863e-03
3.244351501e+02;3.344194731e-03
3.246478882e+02;-3.241296625e-03
3.248606262e+02;-3.155547893e-03
3.250733948e+02;1.680672285e-03
3.252861633e+02;-3.018350108e-03
3.254989319e+02;3.121248446e-03
3.257117310e+02;-2.023666631e-03
3.259245300e+02;9.603841463e-04
3.261373596e+02;5.144915194e-04
3.263501892e+02;1.217629877e-03
3.265630493e+02;4.304578993e-03
3.267759094e+02;3.687189193e-03
3.269888000e+02;2.109415131e-03
3.272016907e+02;-3.515691962e-03
3.274146118e+02;2.418110147e-03
3.276275330e+02;4.853370134e-03
3.278404541e+02;-3.772937634e-04
3.280534058e+02;1.371977414e-04
3.282663574e+02;3.086949000e-04
3.284793396e+02;4.596123938e-03
3.286923218e+02;1.200480183e-04
3.289053345e+02;-1.337677939e-03
3.291183472e+02;-1.371977414e-04
3.293313904e+02;-5.659406888e-04
3.295444336e+02;-2.589607378e-03
3.297575073e+02;-1.886468817e-04
3.299705811e+02;1.440576278e-03
3.301836548e+02;7.717372500e-04
3.303967590e+02;9.089349769e-04
3.306098938e+02;3.978734370e-03
3.308229980e+02;-3.241296625e-03
3.310361633e+02;2.623906592e-03
3.312493286e+02;-6.173898000e-04
3.314624939e+02;2.641056431e-03
3.316756592e+02;-1.423426555e-03
3.318888855e+02;1.354827662e-03
3.321020813e+02;2.418110147e-03
3.323153076e+02;-5.830903538e-04
3.325285645e+02;-8.403361426e-04
3.327418213e+02;-1.217629877e-03
3.329550781e+02;-1.714971731e-04
3.331683655e+02;-3.481392516e-03
3.333816528e+02;-8.403361426e-04
3.335949707e+02;9.603841463e-04
3.338082886e+02;3.292745678e-03
3.340216370e+02;-1.543474500e-03
3.342349854e+02;1.337677939e-03
3.344483337e+02;2.915451769e-04
3.346617126e+02;6.688389694e-04
3.348751221e+02;1.423426555e-03
3.350885315e+02;1.354827662e-03
3.353019409e+02;2.486709040e-03
3.355153809e+02;3.892985871e-03
3.357288208e+02;2.366660861e-03
3.359422913e+02;7.031383924e-03
3.361557617e+02;-2.709655324e-03
3.363692627e+02;-2.229463280e-04
3.365827637e+02;1.046132762e-03
3.367962952e+02;3.652889747e-03
3.370098267e+02;1.080432208e-03
3.372233582e+02;3.772937634e-04
3.374369202e+02;-3.429943536e-05
3.376504822e+02;-1.063282485e-03
3.378640747e+02;-7.374378038e-04
3.380776672e+02;3.567141248e-03
3.382912903e+02;-2.812553663e-03
3.385049133e+02;2.023666631e-03
3.387185669e+02;1.714971731e-03
3.389322205e+02;-2.263762755e-03
3.391459045e+02;-1.749271178e-03
3.393595886e+02;4.098782316e-03
3.395732727e+02;-1.303378493e-03
3.397869873e+02;1.337677939e-03
3.400007019e+02;-2.641056431e-03
3.402144470e+02;-1.800720231e-03
3.404281921e+02;-4.801920732e-04
3.406419678e+02;-2.915451769e-04
3.408557434e+02;-4.801920732e-04
3.410695496e+02;-3.772937634e-04
3.412833557e+02;-1.389127108e-03
3.414971619e+02;7.374378038e-04
3.417109985e+02;-1.509175054e-03
3.419248657e+02;1.234779600e-03
3.421387329e+02;2.915451769e-04
3.423526001e+02;3.258446231e-04
3.425664978e+02;-4.287429329e-04
3.427803955e+02;-1.389127108e-03
3.429943237e+02;3.429943536e-05
3.432082520e+02;3.601440694e-04
3.434221802e+02;1.371977414e-04
3.436361389e+02;5.110615864e-03
3.438501282e+02;1.354827662e-03
3.440641174e+02;-1.663522562e-03
3.442781067e+02;3.292745678e-03
3.444921265e+02;7.717372500e-04
3.447061462e+02;-2.109415131e-03
3.449201965e+02;2.486709040e-03
3.451342468e+02;2.623906592e-03
3.453483276e+02;-9.089349769e-04
3.455624084e+02;-7.888869732e-04
3.457764893e+02;-5.144915121e-05
3.459906006e+02;2.246612916e-03
3.462047424e+02;-6.173898000e-04
3.464188538e+02;5.162064917e-03
3.466330261e+02;3.086949000e-04
3.468471985e+02;-3.344194731e-03
3.470613708e+02;2.898302162e-03
3.472755432e+02;-1.869319123e-03
3.474897766e+02;-8.574858657e-05
3.477039795e+02;-4.801920615e-03
3.479182129e+02;-1.732121455e-03
3.481324768e+02;-1.955067739e-03
3.483467407e+02;-8.574858657e-04
3.485610046e+02;2.006516792e-03
3.487752991e+02;8.403361426e-04
3.489895935e+02;4.013033584e-03
3.492039185e+02;8.746355888e-04
3.494182434e+02;-3.035499947e-03
3.496325684e+02;1.028983024e-04
3.498469543e+02;-1.234779600e-03
3.500613098e+02;-5.316412426e-04
3.502756958e+02;1.354827662e-03
3.504900818e+02;-9.089349769e-04
3.507044983e+02;-1.303378493e-03
3.509189453e+02;4.115932097e-04
3.511333618e+02;5.264963023e-03
3.513478394e+02;2.212313469e-03
3.515622864e+02;4.201680887e-03
3.517767639e+02;-1.526324777e-03
3.519912720e+02;8.060366963e-04
3.522057800e+02;3.018350108e-03
3.524202881e+02;-3.995884210e-03
3.526348267e+02;3.601440694e-04
3.528493652e+02;2.332361415e-03
3.530639343e+02;-3.035499947e-03
3.532785339e+02;3.429943536e-05
3.534931030e+02;-1.972217346e-03
3.537077026e+02;-8.403361426e-04
3.539223328e+02;-1.080432208e-03
3.541369629e+02;1.217629877e-03
3.543515930e+02;-3.258446231e-04
3.545662537e+02;2.229463280e-04
3.547809448e+02;-1.817869954e-03
3.549956055e+02;-1.920768293e-03
3.552103271e+02;-6.173898000e-04
3.554250183e+02;-1.046132762e-03
3.556397705e+02;-3.361344570e-03
3.558544922e+02;-1.080432208e-03
3.560692444e+02;2.915452002e-03
3.562840271e+02;-1.886468817e-04
3.564988098e+02;-1.286228769e-03
3.567135925e+02;4.441776779e-03
3.569284058e+02;1.937918016e-03
3.571432190e+02;1.714971731e-04
3.573580627e+02;9.775338694e-04
3.575729065e+02;6.516892463e-03
3.577877808e+02;2.195163863e-03
3.580026550e+02;-2.915451769e-04
3.582175293e+02;-1.028983024e-04
3.584324341e+02;-8.060366963e-04
3.586473694e+02;7.888869732e-04
3.588622742e+02;-4.973417963e-04
3.590772400e+02;-2.555307932e-03
3.592921753e+02;9.775338694e-04
3.595071716e+02;3.601440694e-04
3.597221375e+02;-1.594923669e-03
3.599371338e+02;8.231864194e-04
3.601521606e+02;1.423426555e-03
3.603671875e+02;-1.200480183e-04
3.605822144e+02;2.280912362e-03
3.607972717e+02;-1.560624223e-03
3.610123291e+02;1.714971731e-04
3.612274170e+02;3.481392516e-03
3.614425049e+02;-4.801920732e-04
3.616576233e+02;-5.144915121e-05
3.618727417e+02;1.886468817e-04
3.620878601e+02;2.023666631e-03
3.623030090e+02;1.234779600e-03
3.625181885e+02;-3.601440694e-04
3.627333679e+02;-6.345395232e-04
3.629485474e+02;1.526324777e-03
3.631637573e+02;-8.746355888e-04
3.633789673e+02;2.521008486e-03
3.635942078e+02;6.345395232e-04
3.638094482e+02;1.251929323e-03
3.640246887e+02;-2.057966078e-03
3.642399597e+02;8.574858657e-05
3.644552612e+02;4.578974564e-03
3.646705322e+02;1.286228769e-03
3.648858643e+02;-2.829703270e-03
3.651011658e+02;-4.801920732e-04
3.653165283e+02;-2.075115684e-03
3.655318604e+02;4.630423617e-03
3.657472229e+02;-2.229463309e-03
3.659626160e+02;-5.487909657e-04
3.661780090e+02;6.002400769e-04
3.663934021e+02;1.114731655e-03
3.666088257e+02;4.458926560e-04
3.668242493e+02;2.229463280e-04
3.670397034e+02;-9.089349769e-04
3.672551575e+02;1.251929323e-03
3.674706421e+02;-1.509175054e-03
3.676861267e+02;2.092265524e-03
3.679016113e+02;-3.429943536e-05
3.681171265e+02;3.464242909e-03
3.683326721e+02;4.853370134e-03
3.685481873e+02;-1.354827662e-03
3.687637634e+02;-1.989367185e-03
3.689793091e+02;3.378494177e-03
3.691949158e+02;1.543474500e-04
3.694104919e+02;-1.011833316e-03
3.696260986e+02;2.915451769e-04
3.698417358e+02;-9.946835926e-04
3.700573730e+02;-9.260847000e-04
3.702730103e+02;2.932601608e-03
3.704886780e+02;3.944434866e-04
3.707043457e+02;3.515691962e-03
3.709200439e+02;-1.886468817e-04
3.711357422e+02;2.915451769e-04
3.713514404e+02;-2.057966049e-04
3.715671692e+02;1.646372839e-03
3.717829285e+02;-3.498542355e-03
3.719986877e+02;3.772937634e-04
3.722144470e+02;-6.516892463e-04
3.724302368e+02;1.732121455e-03
3.726460266e+02;3.944434866e-04
3.728618469e+02;-1.646372839e-03
3.730776672e+02;5.659406888e-04
3.732935181e+02;-2.795403823e-03
3.735093384e+02;3.721488640e-03
3.737252197e+02;-8.574858657e-05
3.739411011e+02;1.046132762e-03
3.741569824e+02;1.114731655e-03
3.743728943e+02;1.234779600e-03
3.745888062e+02;-5.659406888e-04
3.748047485e+02;4.801920732e-04
3.750206909e+02;1.320528216e-03
3.752366333e+02;-2.040816238e-03
3.754526062e+02;-8.746355888e-04
3.756686096e+02;2.623906592e-03
3.758845825e+02;1.251929323e-03
3.761006165e+02;-3.121248446e-03
3.763166199e+02;-1.903618569e-03
3.765326843e+02;1.903618500e-02
3.767487183e+02;3.687189193e-03
3.769647827e+02;-9.432344232e-04
3.771808777e+02;-1.972217346e-03
3.773969727e+02;-1.028983024e-04
3.776130676e+02;4.904819187e-03
3.778291931e+02;-7.031384157e-04
3.780453186e+02;-2.092265524e-03
3.782614746e+02;-3.944434866e-04
3.784776306e+02;-1.286228769e-03
3.786937866e+02;-7.031384157e-04
3.789099731e+02;1.457726001e-03
3.791261902e+02;-2.229463309e-03
3.793424072e+02;-9.089349769e-04
3.795586243e+02;-9.946835926e-04
3.797748718e+02;-1.817869954e-03
3.799911194e+02;1.680672285e-03
3.802073669e+02;-9.775338694e-04
3.804236450e+02;-1.697822008e-03
3.806399536e+02;-1.817869954e-03
3.808562622e+02;-1.697822008e-03
3.810725708e+02;3.429943463e-04
3.812889099e+02;-3.258446231e-04
3.815052490e+02;-2.726804931e-03
3.817216187e+02;3.035499947e-03
3.819379883e+02;8.574858657e-04
3.821543884e+02;6.516892463e-04
3.823707886e+02;-1.389127108e-03
3.825871887e+02;-1.080432208e-03
3.828036194e+02;-1.766420901e-03
3.830200500e+02;-2.229463309e-03
3.832365112e+02;-4.630423500e-04
3.834529724e+02;-2.246612916e-03
3.836694641e+02;4.784771241e-03
3.838859558e+02;-7.031384157e-04
3.841024475e+02;-1.063282485e-03
3.843189697e+02;1.457726001e-03
3.845355225e+02;-1.234779600e-03
3.847520752e+02;3.892985871e-03
3.849686279e+02;3.052649554e-03
3.851851807e+02;5.144915194e-04
3.854017944e+02;1.097581931e-03
3.856183777e+02;1.646372839e-03
3.858349915e+02;1.389127108e-03
3.860516357e+02;3.018350108e-03
3.862682495e+02;-8.574858657e-04
3.864849243e+02;-1.200480154e-03
3.867015991e+02;-5.487909657e-04
3.869182739e+02;-2.915452002e-03
3.871349487e+02;3.635739908e-03
3.873516541e+02;-9.260847000e-04
3.875683899e+02;-2.469559200e-03
3.877851257e+02;6.859886926e-04
3.880018616e+02;1.371977414e-04
3.882186279e+02;1.166180708e-03
3.884353943e+02;-3.429943463e-03
3.886521912e+02;-4.819070455e-03
3.888689880e+02;-9.603841463e-04
3.890858154e+02;-3.601440694e-04
3.893026428e+02;2.812553663e-03
3.895194702e+02;-2.572457597e-04
3.897363281e+02;2.229463280e-04
3.899531860e+02;-3.344194731e-03
3.901700745e+02;3.429943463e-04
3.903869629e+02;1.354827662e-03
3.906038818e+02;3.481392516e-03
3.908208008e+02;-7.031384157e-04
3.910377197e+02;2.349511255e-03
3.912546692e+02;2.315211808e-03
3.914716187e+02;-3.944434866e-04
3.916885986e+02;1.063282485e-03
3.919055786e+02;-3.772937634e-04
3.921225891e+02;-1.920768293e-03
3.923395996e+02;-1.217629877e-03
3.925566101e+02;-1.389127108e-03
3.927736511e+02;4.115932097e-04
3.929907227e+02;1.577773946e-03
3.932077942e+02;0.000000000e+00
3.934248657e+02;1.594923669e-03
3.936419373e+02;3.944434866e-04
3.938590698e+02;4.681872670e-03
3.940761719e+02;-1.097581931e-03
3.942933044e+02;-1.080432208e-03
3.945104675e+02;-2.263762755e-03
3.947276001e+02;5.144915121e-05
3.949447937e+02;-1.543474500e-04
3.951619568e+02;7.717372500e-04
3.953791809e+02;1.543474500e-04
3.955963745e+02;7.888869732e-04
3.958135986e+02;-1.886468846e-03
3.960308533e+02;-7.374378038e-04
3.962480774e+02;-3.258446231e-04
3.964653625e+02;7.031384157e-04
3.966826477e+02;-1.303378493e-03
3.968999329e+02;-4.716172349e-03
3.971172180e+02;-2.229463309e-03
3.973345337e+02;-2.709655324e-03
3.975518799e+02;2.675355878e-03
3.977692261e+02;-2.212313469e-03
3.979865723e+02;2.178014023e-03
3.982039490e+02;4.287429329e-04
3.984213257e+02;6.688389694e-04
3.986387329e+02;-2.915451769e-04
3.988561401e+02;4.630423500e-04
3.990735474e+02;1.903618569e-03
3.992909851e+02;2.006516792e-03
3.995084534e+02;-3.429943463e-04
3.997258911e+02;-2.641056431e-03
3.999433899e+02;-6.688389694e-04
4.001608582e+02;-5.316412426e-04
4.003783875e+02;4.613273777e-03
4.005958862e+02;-9.946835926e-04
4.008134155e+02;-1.989367185e-03
4.010309448e+02;3.395644017e-03
4.012485046e+02;-1.903618569e-03
4.014660950e+02;-2.246612916e-03
4.016836548e+02;2.743954828e-04
4.019012451e+02;2.864002716e-03
4.021188660e+02;-1.406276831e-03
4.023364868e+02;2.503858646e-03
4.025541077e+02;-1.200480183e-04
4.027717590e+02;5.093466025e-03
4.029894104e+02;-8.403361426e-04
4.032070923e+02;5.659406888e-04
4.034247742e+02;3.086949000e-04
4.036424866e+02;-2.280912362e-03
4.038601990e+02;-1.337677939e-03
4.040779114e+02;1.371977414e-04
4.042956543e+02;-4.458926560e-04
4.045133972e+02;-2.743954828e-04
4.047311707e+02;-1.972217346e-03
4.049489441e+02;4.424626939e-03
4.051667480e+02;-1.166180708e-03
4.053845520e+02;7.374378038e-04
4.056023560e+02;4.184531048e-03
4.058201904e+02;1.886468846e-03
4.060380554e+02;1.800720231e-03
4.062558899e+02;1.937918016e-03
4.064737854e+02;3.206997178e-03
4.066916504e+02;4.253129940e-03
4.069095459e+02;1.320528216e-03
4.071274719e+02;3.704338800e-03
4.073453979e+02;2.898302162e-03
4.075633240e+02;-4.115932097e-04
4.077812805e+02;-1.543474500e-03
4.079992371e+02;-3.738638246e-03
4.082171936e+02;-1.732121455e-03
4.084351807e+02;1.080432208e-03
4.086531982e+02;2.743954828e-04
4.088712158e+02;3.704338800e-03
4.090892334e+02;-1.543474500e-03
4.093072815e+02;3.086949000e-04
4.095253296e+02;4.133081995e-03
4.097434082e+02;5.659406888e-04
4.099614868e+02;1.028983039e-03
4.101795654e+02;3.052649554e-03
4.103976746e+02;2.332361415e-03
4.106157837e+02;3.086949000e-03
4.108339233e+02;-2.160864417e-03
4.110520630e+02;2.743954828e-04
4.112702332e+02;8.746355888e-04
4.114884033e+02;2.743954770e-03
4.117066040e+02;2.229463280e-04
4.119247742e+02;-1.286228769e-03
4.121430054e+02;-3.069799393e-03
4.123612366e+02;7.717372500e-04
4.125794678e+02;1.200480183e-04
4.127976990e+02;-8.746355888e-04
4.130159607e+02;4.201680887e-03
4.132342529e+02;-1.097581931e-03
4.134525452e+02;6.859886926e-04
4.136708374e+02;1.440576278e-03
4.138891602e+02;1.080432208e-03
4.141074829e+02;-3.429943536e-05
4.143258362e+02;1.989367185e-03
4.145441895e+02;-2.212313469e-03
4.147625427e+02;9.432344232e-04
4.149809265e+02;-1.920768293e-03
4.151993103e+02;-1.474875608e-03
4.154177246e+02;-1.594923669e-03
4.156361389e+02;-7.031384157e-04
4.158545837e+02;-2.641056431e-03
4.160730286e+02;1.886468846e-03
4.162914734e+02;2.898302162e-03
4.165099487e+02;-1.183330431e-03
4.167284546e+02;-1.886468846e-03
4.169469299e+02;3.241296625e-03
4.171654358e+02;-3.018350108e-03
4.173839722e+02;3.618590301e-03
4.176025085e+02;-5.144915194e-04
4.178210449e+02;2.418110147e-03
4.180396118e+02;-7.888869732e-04
4.182582092e+02;-2.315211808e-03
4.184767761e+02;3.704338800e-03
4.186953735e+02;-1.937918016e-03
4.189140015e+02;-8.746355888e-04
4.191326294e+02;1.526324777e-03
4.193512573e+02;-1.080432208e-03
4.195699158e+02;-1.217629877e-03
4.197886047e+02;7.717372500e-04
4.200072632e+02;7.888869732e-04
4.202259521e+02;2.229463280e-04
4.204446716e+02;-6.859887071e-05
4.206633911e+02;2.503858646e-03
4.208821106e+02;1.389127108e-03
4.211008606e+02;-1.406276831e-03
4.213196106e+02;2.761104377e-03
4.215383911e+02;-3.978734370e-03
4.217571716e+02;-1.886468817e-04
4.219759827e+02;-9.260847000e-04
4.221947937e+02;1.457726001e-03
4.224136047e+02;5.659406539e-03
4.226324463e+02;7.717372500e-04
4.228512878e+02;-6.688389694e-04
4.230701599e+02;6.516892463e-04
4.232890320e+02;2.075115684e-03
4.235079041e+02;-1.354827662e-03
4.237268066e+02;2.057966049e-04
4.239457397e+02;-2.315211808e-03
4.241646423e+02;-2.057966049e-04
4.243836060e+02;7.545875269e-04
4.246025391e+02;-2.229463309e-03
4.248215027e+02;0.000000000e+00
4.250404968e+02;-1.114731655e-03
4.252594910e+02;8.917853120e-04
4.254784851e+02;6.396844517e-03
4.256975098e+02;7.374378038e-04
4.259165344e+02;2.023666631e-03
4.261355591e+02;1.594923669e-03
4.263546143e+02;1.131881378e-03
4.265737000e+02;3.378494177e-03
4.267927856e+02;-9.946835926e-04
4.270118713e+02;1.423426555e-03
4.272309875e+02;2.280912362e-03
4.274501038e+02;3.378494177e-03
4.276692200e+02;2.143714577e-03
4.278883667e+02;-1.371977385e-03
4.281075439e+02;8.403361426e-04
4.283267212e+02;3.429943463e-04
4.285458984e+02;3.687189193e-03
4.287650757e+02;7.717372500e-04
4.289843140e+02;-3.549991408e-03
4.292035217e+02;7.545875269e-04
4.294227600e+02;2.435259754e-03
4.296419983e+02;1.028983024e-04
4.298612671e+02;-9.946835926e-04
4.300805359e+02;1.543474500e-04
4.302998352e+02;6.688389694e-04
4.305191345e+02;3.138398286e-03
4.307384338e+02;-3.189847339e-03
4.309577637e+02;6.516892463e-04
4.311771240e+02;-2.178014023e-03
4.313964539e+02;8.403361426e-04
4.316158447e+02;-3.086949000e-04
4.318352051e+02;2.984050661e-03
4.320545959e+02;-2.521008486e-03
4.322740173e+02;2.246612916e-03
4.324934082e+02;-6.516892463e-04
4.327128601e+02;1.131881378e-03
4.329322815e+02;-2.400960366e-04
4.331517334e+02;-4.287429329e-04
4.333712158e+02;-8.917853120e-04
4.335906982e+02;5.316412076e-03
4.338101807e+02;1.423426555e-03
4.340296936e+02;-1.423426555e-03
4.342492065e+02;-8.574858657e-04
4.344687500e+02;-1.389127108e-03
4.346882935e+02;-2.280912362e-03
4.349078369e+02;1.011833316e-03
4.351274109e+02;-1.594923669e-03
4.353470154e+02;3.172697732e-03
4.355665894e+02;-9.775338694e-04
4.357862244e+02;-3.086949000e-04
4.360058289e+02;-2.658206038e-03
4.362254639e+02;2.023666631e-03
4.364451294e+02;-1.732121455e-03
4.366647644e+02;4.904819187e-03
4.368844604e+02;3.086949000e-04
4.371041260e+02;-1.629223116e-03
4.373238220e+02;3.601440694e-04
4.375435486e+02;1.680672285e-03
4.377632751e+02;5.385010969e-03
4.379830017e+02;1.149030984e-03
4.382027588e+02;7.717372500e-04
4.384225159e+02;-2.057966049e-04
4.386423035e+02;1.286228769e-03
4.388620911e+02;-1.955067739e-03
4.390818787e+02;-1.371977414e-04
4.393016968e+02;1.886468817e-04
4.395215454e+02;6.859886926e-04
4.397413635e+02;1.972217346e-03
4.399612122e+02;-2.366660861e-03
4.401810913e+02;-3.344194731e-03
4.404009705e+02;2.984050661e-03
4.406208496e+02;-1.886468846e-03
4.408407593e+02;1.714971768e-05
4.410606689e+02;3.944434866e-04
4.412806091e+02;-3.687189193e-03
4.415005493e+02;-4.647573456e-03
4.417205200e+02;6.688389694e-04
4.419404602e+02;3.429943536e-05
4.421604614e+02;1.474875608e-03
4.423804626e+02;1.131881378e-03
4.426004639e+02;1.440576278e-03
4.428204651e+02;2.280912362e-03
4.430404968e+02;-2.023666631e-03
4.432605591e+02;-8.403361426e-04
4.434806213e+02;1.028983039e-03
4.437006836e+02;1.955067739e-03
4.439207458e+02;1.028983039e-03
4.441408691e+02;1.629223116e-03
4.443609619e+02;-3.258446231e-04
4.445810852e+02;-1.697822008e-03
4.448012085e+02;9.603841463e-04
4.450213623e+02;2.075115684e-03
4.452415161e+02;9.432344232e-04
4.454617004e+02;2.589607378e-03
4.456818848e+02;3.790087532e-03
4.459020691e+02;8.403361426e-04
4.461222839e+02;-1.629223116e-03
4.463424988e+02;1.732121455e-03
4.465627441e+02;2.315211808e-03
4.467829895e+02;7.031384157e-04
4.470032654e+02;-1.406276831e-03
4.472235413e+02;-4.115932155e-03
4.474438171e+02;1.423426555e-03
4.476641235e+02;3.772937634e-04
4.478844299e+02;8.574858657e-05
4.481047363e+02;-1.011833316e-03
4.483250732e+02;-3.361344570e-03
4.485454407e+02;-3.429943463e-04
4.487658081e+02;9.603841463e-04
4.489861755e+02;-1.766420901e-03
4.492065735e+02;2.829703270e-03
4.494269714e+02;-1.732121455e-03
4.496473694e+02;2.092265524e-03
4.498677979e+02;2.315211808e-03
4.500882568e+02;3.429943536e-05
4.503086853e+02;-1.835019677e-03
4.505291443e+02;1.200480183e-04
4.507496338e+02;3.412793623e-03
4.509701233e+02;-2.229463280e-04
4.511906128e+02;-5.316412426e-04
4.514111328e+02;-2.606756985e-03
4.516316833e+02;2.932601608e-03
4.518522034e+02;-3.327045124e-03
4.520727539e+02;2.040816238e-03
4.522933350e+02;-2.315211808e-03
4.525139160e+02;3.241296625e-03
4.527344971e+02;-9.775338694e-04
4.529551086e+02;5.144915121e-05
4.531757202e+02;-1.972217346e-03
4.533963318e+02;-1.714971731e-04
4.536169739e+02;-6.859886926e-04
4.538376465e+02;-5.316412426e-04
4.540583191e+02;9.432344232e-04
4.542789917e+02;1.149030984e-03
4.544996948e+02;-1.594923669e-03
4.547203979e+02;1.800720231e-03
4.549411011e+02;4.081632476e-03
4.551618347e+02;2.246612916e-03
4.553825684e+02;9.089349769e-04
4.556033325e+02;5.830903538e-04
4.558240967e+02;2.795403823e-03
4.560448914e+02;9.775338694e-04
4.562656860e+02;4.064483102e-03
4.564864807e+02;2.057966049e-04
4.567073059e+02;5.607957486e-03
4.569281311e+02;-3.944434866e-04
4.571489868e+02;1.714971768e-05
4.573698425e+02;3.344194731e-03
4.575906982e+02;2.675355878e-03
4.578115845e+02;2.109415131e-03
4.580324707e+02;-1.869319123e-03
4.582533875e+02;-2.692505484e-03
4.584743042e+02;-1.492025331e-03
4.586952209e+02;-2.126564970e-03
4.589161682e+02;1.783570624e-03
4.591371460e+02;-1.543474500e-03
4.593580933e+02;1.183330431e-03
4.595791016e+02;-4.956268240e-03
4.598000793e+02;2.743954828e-04
4.600210876e+02;-1.714971768e-05
4.602421265e+02;-3.172697732e-03
4.604631348e+02;2.743954770e-03
4.606842041e+02;-9.432344232e-04
4.609052429e+02;1.697822008e-03
4.611263123e+02;4.287429329e-04
4.613474121e+02;-1.835019677e-03
4.615685120e+02;3.429943463e-03
4.617896118e+02;3.121248446e-03
4.620107422e+02;2.915451769e-04
4.622318726e+02;2.298061969e-03
4.624530029e+02;5.710855592e-03
4.626741638e+02;-2.400960366e-04
4.628953247e+02;-1.766420901e-03
4.631165161e+02;3.429943463e-04
4.633377075e+02;-7.374378038e-04
4.635589294e+02;-2.949751215e-03
4.637801514e+02;2.521008486e-03
4.640013733e+02;2.658206038e-03
4.642226257e+02;-2.040816238e-03
4.644438782e+02;2.212313469e-03
4.646651611e+02;1.492025331e-03
4.648864441e+02;8.746355888e-04
4.651077271e+02;4.287429329e-04
4.653290405e+02;7.202881388e-04
4.655503845e+02;1.354827662e-03
4.657716980e+02;-1.474875608e-03
4.659930420e+02;-5.659406888e-04
4.662144165e+02;1.920768293e-03
4.664357910e+02;1.783570624e-03
4.666571655e+02;-2.932601608e-03
4.668785706e+02;-5.659406888e-04
4.670999756e+02;-1.149030984e-03
4.673214111e+02;3.652889747e-03
4.675428467e+02;-2.521008486e-03
4.677642822e+02;-1.371977414e-04
4.679857483e+02;1.063282485e-03
4.682072144e+02;4.218830261e-03
4.684287109e+02;8.574858657e-05
4.686502075e+02;-2.915451769e-04
4.688717041e+02;2.229463280e-04
4.690932312e+02;1.543474500e-03
4.693147583e+02;1.646372839e-03
4.695363159e+02;4.973417963e-04
4.697578735e+02;-7.545875269e-04
4.699794312e+02;8.403361426e-04
4.702010193e+02;5.659406888e-04
4.704226074e+02;1.303378493e-03
4.706442261e+02;-3.258446231e-04
4.708658447e+02;3.652889747e-03
4.710874939e+02;-2.229463280e-04
4.713091431e+02;-3.292745678e-03
4.715307922e+02;-8.917853120e-04
4.717524719e+02;-6.345395232e-04
4.719741516e+02;2.572457539e-03
4.721958618e+02;-8.746355888e-04
4.724175720e+02;-1.149030984e-03
4.726392822e+02;-6.002400769e-04
4.728610229e+02;2.229463280e-04
4.730827637e+02;6.345395232e-04
4.733045349e+02;3.344194731e-03
4.735263062e+02;2.915452002e-03
4.737480774e+02;-9.775338694e-04
4.739698792e+02;-1.766420901e-03
4.741916809e+02;-6.688389694e-04
4.744135132e+02;6.173898000e-04
4.746353455e+02;1.097581931e-03
4.748571777e+02;2.658206038e-03
4.750790405e+02;-5.487909657e-04
4.753009033e+02;7.751672063e-03
4.755227966e+02;-1.714971768e-05
4.757446899e+02;2.383810701e-03
4.759666138e+02;2.366660861e-03
4.761885376e+02;6.791288033e-03
4.764104614e+02;2.778254217e-03
4.766324158e+02;3.429943536e-05
4.768543701e+02;1.886468846e-03
4.770763245e+02;5.247813184e-03
4.772983093e+02;-1.286228769e-03
4.775203247e+02;1.114731655e-03
4.777423096e+02;2.143714577e-03
4.779643555e+02;1.371977414e-04
4.781863708e+02;-9.603841463e-04
4.784084167e+02;1.920768293e-03
4.786304932e+02;1.817869954e-03
4.788525391e+02;8.917853120e-04
4.790746460e+02;-1.423426555e-03
4.792967224e+02;9.089349769e-04
4.795188293e+02;-2.143714577e-03
4.797409668e+02;-2.641056431e-03
4.799631042e+02;5.367861595e-03
4.801852417e+02;-1.972217346e-03
4.804073792e+02;9.775338694e-04
4.806295471e+02;-8.574858657e-04
4.808517456e+02;2.572457597e-04
4.810739441e+02;3.652889747e-03
4.812961426e+02;-6.688389694e-04
4.815183716e+02;1.097581931e-03
4.817406006e+02;-1.543474500e-03
4.819628296e+02;-7.202881388e-04
4.821850891e+02;8.231864194e-04
4.824073486e+02;2.555307932e-03
4.826296387e+02;-2.932601608e-03
4.828519287e+02;1.492025331e-03
4.830742493e+02;-2.898302162e-03
4.832965698e+02;2.589607378e-03
4.835188904e+02;-3.567141248e-03
4.837412415e+02;5.264963023e-03
4.839635925e+02;-1.354827662e-03
4.841859436e+02;1.972217346e-03
4.844083252e+02;-2.280912362e-03
4.846307373e+02;1.251929323e-03
4.848531189e+02;5.333561916e-03
4.850755615e+02;3.772937634e-04
4.852979736e+02;1.783570624e-03
4.855204163e+02;-2.606756985e-03
4.857428894e+02;5.625107326e-03
4.859653320e+02;5.059166346e-03
4.861878052e+02;-3.892985871e-03
4.864103088e+02;4.287429329e-04
4.866328125e+02;-3.824386979e-03
4.868553162e+02;-9.089349769e-04
4.870778503e+02;-1.732121455e-03
4.873003845e+02;2.229463280e-04
4.875229492e+02;1.594923669e-03
4.877455139e+02;-3.206997178e-03
4.879680786e+02;-3.858686425e-03
4.881906738e+02;-8.746355888e-04
4.884132690e+02;-1.663522562e-03
4.886358948e+02;6.516892463e-04
4.888585205e+02;2.160864417e-03
4.890811768e+02;-1.080432208e-03
4.893038025e+02;3.807237139e-03
4.895264893e+02;2.126564970e-03
4.897491455e+02;-8.917853120e-04
4.899718323e+02;3.772937634e-04
4.901945496e+02;1.886468817e-04
4.904172668e+02;1.560624223e-03
4.906399841e+02;1.046132762e-03
4.908627319e+02;2.675355878e-03
4.910854797e+02;2.075115684e-03
4.913082275e+02;4.733321723e-03
4.915310059e+02;-3.549991408e-03
4.917537842e+02;-1.131881378e-03
4.919765930e+02;-1.800720231e-03
4.921994019e+02;-9.603841463e-04
4.924222107e+02;-1.200480183e-04
4.926450500e+02;7.717372500e-04
4.928678894e+02;-2.915451769e-04
4.930907593e+02;3.018350108e-03
4.933136292e+02;7.014234085e-03
4.935365295e+02;2.966901055e-03
4.937594299e+02;-5.659406888e-04
4.939823303e+02;4.081632476e-03
4.942052612e+02;1.663522562e-03
4.944281921e+02;-1.200480183e-04
4.946511230e+02;-3.172697732e-03
4.948740845e+02;4.390327726e-03
4.950970459e+02;2.349511255e-03
4.953200378e+02;-2.195163863e-03
4.955430298e+02;-3.052649554e-03
4.957660522e+02;2.641056431e-03
4.959890747e+02;1.149030984e-03
4.962120972e+02;-3.052649554e-03
4.964351501e+02;-1.800720231e-03
4.966582031e+02;-1.560624223e-03
4.968812561e+02;1.457726001e-03
4.971043396e+02;1.903618569e-03
4.973274231e+02;6.345395232e-04
4.975505371e+02;-6.002400769e-04
4.977736511e+02;-2.966901055e-03
4.979967957e+02;2.160864417e-03
4.982199402e+02;4.373177886e-03
4.984430847e+02;-3.601440694e-04
4.986662598e+02;-1.149030984e-03
4.988894348e+02;9.603841463e-04
4.991126099e+02;-1.200480183e-04
4.993358154e+02;2.555307932e-03
4.995590210e+02;7.271479815e-03
4.997822571e+02;-1.028983039e-03
5.000054932e+02;-1.149030984e-03
5.002287598e+02;-1.492025331e-03
5.004520264e+02;2.829703270e-03
5.006752930e+02;-2.366660861e-03
5.008985901e+02;1.457726001e-03
5.011218872e+02;1.663522562e-03
5.013451843e+02;1.217629877e-03
5.015685120e+02;1.269079046e-03
5.017918396e+02;-2.743954828e-04
5.020151978e+02;-3.206997178e-03
5.022385559e+02;2.229463309e-03
5.024619446e+02;-3.327045124e-03
5.026853333e+02;2.263762755e-03
5.029087219e+02;-3.772937634e-04
5.031321411e+02;-3.241296625e-03
5.033555603e+02;-4.458926560e-04
5.035789795e+02;-2.743954828e-04
5.038024292e+02;3.155547893e-03
5.040258789e+02;1.046132762e-03
5.042493591e+02;-2.778254217e-03
5.044728394e+02;2.966901055e-03
5.046963501e+02;-6.002400769e-04
5.049198608e+02;3.429943463e-04
5.051433716e+02;1.955067739e-03
5.053669128e+02;7.202881388e-04
5.055904541e+02;-5.144915121e-05
5.058139954e+02;-9.603841463e-04
5.060375671e+02;-7.031384157e-04
5.062611389e+02;-8.060366963e-04
5.064847412e+02;4.184531048e-03
5.067083435e+02;-1.183330431e-03
5.069319458e+02;-1.543474500e-03
5.071555786e+02;1.903618569e-03
5.073792419e+02;-1.440576278e-03
5.076028748e+02;7.717372500e-04
5.078265381e+02;-1.492025331e-03
5.080502319e+02;8.060366963e-04
5.082739258e+02;-1.440576278e-03
5.084976196e+02;1.680672285e-03
5.087213135e+02;5.144915194e-04
5.089450684e+02;-6.688389694e-04
5.091687927e+02;-2.006516792e-03
5.093925476e+02;2.966901055e-03
5.096163025e+02;1.886468817e-04
5.098400879e+02;1.714971731e-04
5.100638733e+02;-1.560624223e-03
5.102876587e+02;-3.258446231e-04
5.105114746e+02;3.721488640e-03
5.107352905e+02;-4.973417963e-04
5.109591370e+02;-2.092265524e-03
5.111829834e+02;-2.743954828e-04
5.114068298e+02;-4.596123938e-03
5.116307068e+02;9.775338694e-04
5.118545837e+02;1.371977414e-04
5.120784912e+02;-1.594923669e-03
5.123023682e+02;8.060366963e-04
5.125263062e+02;-8.574858657e-05
5.127502441e+02;-1.474875608e-03
5.129741821e+02;-2.778254217e-03
5.131981201e+02;1.989367185e-03
5.134221191e+02;3.327045124e-03
5.136460571e+02;1.869319123e-03
5.138700562e+02;4.458926560e-04
5.140940552e+02;1.114731655e-03
5.143181152e+02;6.859887071e-05
5.145421143e+02;2.092265524e-03
5.147661743e+02;9.946835926e-04
5.149902344e+02;-3.429943463e-04
5.152142944e+02;2.864002716e-03
5.154383545e+02;-1.303378493e-03
5.156624756e+02;-2.023666631e-03
5.158865356e+02;-1.337677939e-03
5.161106567e+02;-2.383810701e-03
5.163347778e+02;-1.509175054e-03
5.165588989e+02;-1.732121455e-03
5.167830811e+02;-2.418110147e-03
5.170072021e+02;-1.028983024e-04
5.172313843e+02;-1.955067739e-03
5.174555664e+02;2.332361415e-03
5.176798096e+02;3.567141248e-03
5.179039917e+02;4.338878207e-03
5.181282349e+02;4.801920615e-03
5.183524170e+02;-2.538158093e-03
5.185766602e+02;-2.503858646e-03
5.188009644e+02;1.217629877e-03
5.190252075e+02;-3.121248446e-03
5.192495117e+02;1.989367185e-03
5.194738159e+02;3.104098840e-03
5.196981201e+02;1.972217346e-03
5.199224243e+02;-7.031384157e-04
5.201467285e+02;-1.303378493e-03
5.203710938e+02;1.936203055e-02
5.205954590e+02;1.389127108e-03
5.208198242e+02;1.063282485e-03
5.210441895e+02;1.286228769e-03
5.212685547e+02;-2.469559200e-03
5.214929810e+02;-6.002400769e-04
5.217173462e+02;-5.316412426e-04
5.219417725e+02;1.371977414e-04
5.221662598e+02;-3.687189193e-03
5.223906860e+02;4.133081995e-03
5.226151733e+02;1.011833316e-03
5.228395996e+02;-9.946835926e-04
5.230640869e+02;1.714971768e-05
5.232885742e+02;3.755788086e-03
5.235131226e+02;-2.400960366e-04
5.237376099e+02;-1.749271178e-03
5.239621582e+02;1.817869954e-03
5.241867065e+02;-1.440576278e-03
5.244112549e+02;4.784771241e-03
5.246358032e+02;-4.407477099e-03
5.248604126e+02;3.567141248e-03
5.250850220e+02;-6.688389694e-04
5.253096313e+02;3.772937634e-04
5.255342407e+02;6.345395232e-04
5.257588501e+02;-3.532841802e-03
5.259835205e+02;-1.354827662e-03
5.262081299e+02;1.663522562e-03
5.264328003e+02;3.944434866e-04
5.266574707e+02;-1.663522562e-03
5.268821411e+02;-7.202881388e-04
5.271068726e+02;-2.555307932e-03
5.273316040e+02;-1.663522562e-03
5.275563354e+02;1.474875608e-03
5.277810669e+02;3.601440694e-04
5.280057983e+02;3.086949000e-04
5.282305298e+02;2.126564970e-03
5.284553223e+02;-3.258446231e-04
5.286801147e+02;2.263762755e-03
5.289049072e+02;-2.658206038e-03
5.291296997e+02;-6.859886926e-04
5.293545532e+02;-4.784771241e-03
5.295793457e+02;-1.028983039e-03
5.298041992e+02;9.775338694e-04
5.300290527e+02;4.458926618e-03
5.302539062e+02;4.441776779e-03
5.304788208e+02;2.521008486e-03
5.307036743e+02;-5.316412426e-04
5.309285889e+02;2.881152555e-03
5.311535034e+02;-1.886468817e-04
5.313784180e+02;5.487909657e-04
5.316033936e+02;-1.046132762e-03
5.318283081e+02;-2.932601608e-03
5.320532837e+02;-2.915451769e-04
5.322782593e+02;-1.526324777e-03
5.325032349e+02;-1.697822008e-03
5.327282104e+02;5.659406888e-04
5.329532471e+02;-4.064483102e-03
5.331782837e+02;-3.086949000e-04
5.334033203e+02;5.144915121e-05
5.336283569e+02;1.166180708e-03
5.338533936e+02;2.298061969e-03
5.340784912e+02;-5.830903538e-04
5.343035278e+02;4.081632476e-03
5.345286255e+02;1.028983039e-03
5.347537842e+02;2.761104377e-03
5.349788818e+02;5.059166346e-03
5.352039795e+02;2.212313469e-03
5.354291382e+02;3.429943536e-05
5.356542969e+02;-3.772937634e-04
5.358794556e+02;2.555307932e-03
5.361046143e+02;-1.612073393e-03
5.363298340e+02;-7.717372500e-04
5.365549927e+02;-7.374378038e-04
5.367802124e+02;1.714971768e-05
5.370054321e+02;2.898302162e-03
5.372307129e+02;1.149030984e-03
5.374559326e+02;3.670039354e-03
5.376812134e+02;1.200480183e-04
5.379064331e+02;1.749271178e-03
5.381317139e+02;7.202881388e-04
5.383570557e+02;2.075115684e-03
5.385823364e+02;-4.493225832e-03
5.388076782e+02;-2.709655324e-03
5.390330200e+02;1.612073393e-03
5.392583618e+02;6.688389694e-04
5.394837036e+02;1.354827662e-03
5.397090454e+02;-1.560624223e-03
5.399344482e+02;2.315211808e-03
5.401597900e+02;3.429943536e-05
5.403851929e+02;-1.097581931e-03
5.406106567e+02;-1.389127108e-03
5.408360596e+02;2.572457597e-04
5.410614624e+02;3.601440694e-04
5.412869263e+02;1.149030984e-03
5.415123901e+02;-1.886468817e-04
5.417378540e+02;1.663522562e-03
5.419633789e+02;2.452409593e-03
5.421888428e+02;-3.086949000e-04
5.424143677e+02;-2.743954828e-04
5.426398926e+02;1.474875608e-03
5.428654175e+02;2.280912362e-03
5.430909424e+02;-2.178014023e-03
5.433164673e+02;-1.509175054e-03
5.435420532e+02;-1.320528216e-03
5.437676392e+02;-1.560624223e-03
5.439932251e+02;1.371977385e-03
5.442188110e+02;3.892985871e-03
5.444444580e+02;-1.303378493e-03
5.446700439e+02;1.852169400e-03
5.448956909e+02;6.362544838e-03
5.451213379e+02;-1.406276831e-03
5.453469849e+02;2.898302162e-03
5.455726929e+02;2.400960366e-04
5.457983398e+02;1.011833316e-03
5.460240479e+02;2.761104377e-03
5.462497559e+02;-1.680672285e-03
5.464754639e+02;-1.423426555e-03
5.467012329e+02;-5.144915121e-05
5.469269409e+02;-3.481392516e-03
5.471527100e+02;-1.286228769e-03
5.473784790e+02;-3.944434866e-04
5.476042480e+02;2.795403823e-03
5.478300171e+02;6.516892463e-04
5.480558472e+02;4.801920732e-04
5.482816772e+02;1.474875608e-03
5.485075073e+02;1.234779600e-03
5.487333374e+02;-2.075115684e-03
5.489591675e+02;-1.714971768e-05
5.491849976e+02;3.018350108e-03
5.494108887e+02;-2.057966049e-04
5.496367798e+02;-1.749271178e-03
5.498626709e+02;2.332361415e-03
5.500885620e+02;5.316412426e-04
5.503145142e+02;2.418110147e-03
5.505404053e+02;2.178014023e-03
5.507663574e+02;1.371977385e-03
5.509923096e+02;-6.688389694e-04
5.512182617e+02;-3.687189193e-03
5.514442749e+02;-8.060366963e-04
5.516702271e+02;-3.824386979e-03
5.518962402e+02;-2.606756985e-03
5.521222534e+02;-8.746355888e-04
5.523482666e+02;-2.726804931e-03
5.525743408e+02;1.869319123e-03
5.528003540e+02;-7.202881388e-04
5.530264282e+02;1.886468846e-03
5.532525024e+02;-2.503858646e-03
5.534785767e+02;-9.089349769e-04
5.537046509e+02;-1.423426555e-03
5.539307861e+02;1.732121455e-03
5.541569214e+02;-1.200480183e-04
5.543829956e+02;1.526324777e-03
5.546091919e+02;-2.743954828e-04
5.548353271e+02;-2.229463280e-04
5.550614624e+02;-2.761104377e-03
5.552876587e+02;3.584290855e-03
5.555138550e+02;-2.503858646e-03
5.557400513e+02;-3.086949000e-04
5.559662476e+02;-7.717372500e-04
5.561924438e+02;-6.002400769e-04
5.564187012e+02;1.440576278e-03
5.566449585e+02;2.829703270e-03
5.568712158e+02;2.623906592e-03
5.570974731e+02;-4.458926560e-04
5.573237305e+02;-2.606756985e-03
5.575500488e+02;2.538158093e-03
5.577763672e+02;1.955067739e-03
5.580026855e+02;-3.944434866e-04
5.582290039e+02;3.172697732e-03
5.584553223e+02;4.801920732e-04
5.586817017e+02;-2.572457597e-04
5.589080200e+02;-8.060366963e-04
5.591343994e+02;1.389127108e-03
5.593607788e+02;-1.543474500e-04
5.595872192e+02;-3.464242909e-03
5.598135986e+02;-2.572457597e-04
5.600400391e+02;-2.761104377e-03
5.602664795e+02;1.594923669e-03
5.604929199e+02;-2.675355878e-03
5.607193604e+02;4.338878207e-03
5.609458008e+02;-8.060366963e-04
5.611723022e+02;-5.487909657e-04
5.613988037e+02;4.716172349e-03
5.616253052e+02;-1.577773946e-03
5.618518066e+02;-2.263762755e-03
5.620783081e+02;2.195163863e-03
5.623048706e+02;-2.229463309e-03
5.625314331e+02;8.060366963e-04
5.627579956e+02;1.714971731e-04
5.629845581e+02;3.944434866e-04
5.632111206e+02;-3.258446231e-04
5.634377441e+02;2.383810701e-03
5.636643066e+02;-6.859886926e-04
5.638909302e+02;4.939118400e-03
5.641175537e+02;1.286228769e-03
5.643442383e+02;1.560624223e-03
5.645708618e+02;4.287429329e-04
5.647975464e+02;-1.389127108e-03
5.650241699e+02;3.429943463e-03
5.652509155e+02;2.057966049e-04
5.654776001e+02;2.143714577e-03
5.657042847e+02;3.635739908e-03
5.659310303e+02;-3.258446231e-03
5.661577759e+02;-3.618590301e-03
5.663845215e+02;4.801920732e-04
5.666112671e+02;2.778254217e-03
5.668380127e+02;1.011833316e-03
5.670648193e+02;-7.888869732e-04
5.672915649e+02;1.526324777e-03
5.675183716e+02;-7.888869732e-04
5.677451782e+02;8.403361426e-04
5.679720459e+02;-3.258446231e-04
5.681988525e+02;1.251929323e-03
5.684257202e+02;3.309895284e-03
5.686525879e+02;-1.612073393e-03
5.688794556e+02;6.688389694e-04
5.691063232e+02;2.469559200e-03
5.693331909e+02;-4.458926560e-04
5.695601196e+02;1.594923669e-03
5.697870483e+02;-8.231864194e-04
5.700139771e+02;-3.429943463e-04
5.702409058e+02;-1.149030984e-03
5.704678345e+02;4.356028046e-03
5.706948242e+02;9.603841463e-04
5.709218140e+02;1.080432208e-03
5.711488037e+02;2.400960366e-04
5.713757935e+02;5.556508433e-03
5.716027832e+02;4.064483102e-03
5.718298340e+02;4.973417963e-04
5.720568237e+02;-1.629223116e-03
5.722838745e+02;-6.688389694e-04
5.725109253e+02;8.231864194e-04
5.727380371e+02;-1.783570624e-03
5.729650879e+02;-2.315211808e-03
5.731921997e+02;3.292745678e-03
5.734193115e+02;-1.543474500e-03
5.736464233e+02;1.337677939e-03
5.738735352e+02;1.354827662e-03
5.741006470e+02;-1.594923669e-03
5.743278198e+02;2.623906592e-03
5.745549927e+02;-1.046132762e-03
5.747821655e+02;-9.946835926e-04
5.750093384e+02;1.612073393e-03
5.752365112e+02;-2.675355878e-03
5.754637451e+02;-1.166180708e-03
5.756909180e+02;-8.403361426e-04
5.759181519e+02;-9.432344232e-04
5.761453857e+02;-7.717372500e-04
5.763726807e+02;-2.400960308e-03
5.765999146e+02;-2.915452002e-03
5.768272095e+02;4.716172349e-03
5.770545044e+02;3.086949000e-04
5.772817993e+02;1.886468817e-04
5.775090942e+02;-3.429943463e-04
5.777363892e+02;-2.966901055e-03
5.779637451e+02;1.200480154e-03
5.781911011e+02;9.432344232e-04
5.784184570e+02;2.778254217e-03
5.786458130e+02;-6.002400769e-04
5.788731689e+02;1.423426555e-03
5.791005859e+02;2.057966049e-04
5.793279419e+02;-1.955067739e-03
5.795553589e+02;-1.543474500e-04
5.797827759e+02;-1.166180708e-03
5.800102539e+02;-3.567141248e-03
5.802376709e+02;-4.115932097e-04
5.804651489e+02;-3.258446231e-03
5.806926270e+02;-1.217629877e-03
5.809201050e+02;6.602641195e-03
5.811475830e+02;9.775338694e-04
5.813750610e+02;1.886468817e-04
5.816026001e+02;6.859887071e-05
5.818301392e+02;4.819070455e-03
5.820576782e+02;-1.543474500e-03
5.822852173e+02;1.869319123e-03
5.825127563e+02;-2.006516792e-03
5.827403564e+02;2.572457597e-04
5.829678955e+02;-1.560624223e-03
5.831954956e+02;1.371977414e-04
5.834230957e+02;-4.801920732e-04
5.836507568e+02;3.927285317e-03
5.838783569e+02;-1.629223116e-03
5.841060181e+02;1.269079046e-03
5.843336182e+02;-4.664722830e-03
5.845612793e+02;2.675355878e-03
5.847890015e+02;-8.746355888e-04
5.850166626e+02;7.031384157e-04
5.852443848e+02;1.183330431e-03
5.854720459e+02;3.841536585e-03
5.856997681e+02;-1.732121455e-03
5.859274902e+02;9.089349769e-04
5.861552734e+02;2.692505484e-03
5.863829956e+02;-1.783570624e-03
5.866107788e+02;-1.629223116e-03
5.868385620e+02;-8.574858657e-04
5.870663452e+02;3.464242909e-03
5.872941284e+02;1.800720231e-03
5.875219727e+02;4.750471562e-03
5.877497559e+02;1.955067739e-03
5.879776001e+02;-5.659406888e-04
5.882054443e+02;2.229463280e-04
5.884332886e+02;-1.543474500e-04
5.886611938e+02;-2.623906592e-03
5.888890381e+02;-2.212313469e-03
5.891169434e+02;-1.217629877e-03
5.893448486e+02;2.109415131e-03
5.895727539e+02;-7.202881388e-04
5.898006592e+02;8.917853120e-04
5.900286255e+02;2.057966049e-04
5.902565308e+02;-2.075115684e-03
5.904844971e+02;-3.052649554e-03
5.907124634e+02;2.075115684e-03
5.909404907e+02;4.407477099e-03
5.911684570e+02;3.086949000e-03
5.913964844e+02;1.714971731e-04
5.916244507e+02;-1.577773946e-03
5.918524780e+02;-1.063282485e-03
5.920805664e+02;3.189847339e-03
5.923085938e+02;1.371977385e-03
5.925366211e+02;-1.955067739e-03
5.927647095e+02;-2.126564970e-03
5.929927979e+02;-3.052649554e-03
5.932208862e+02;2.846853109e-03
5.934489746e+02;-4.681872670e-03
5.936771240e+02;-9.089349769e-04
5.939052124e+02;-2.726804931e-03
5.941333618e+02;-3.344194731e-03
5.943615112e+02;-1.371977414e-04
5.945896606e+02;8.403361426e-04
5.948178711e+02;2.486709040e-03
5.950460205e+02;-1.320528216e-03
5.952742310e+02;7.545875269e-04
5.955024414e+02;3.841536585e-03
5.957306519e+02;-9.603841463e-04
5.959588623e+02;-3.429943463e-04
5.961871338e+02;-1.097581931e-03
5.964154053e+02;-3.241296625e-03
5.966436768e+02;2.229463280e-04
5.968719482e+02;2.589607378e-03
5.971002197e+02;3.738638246e-03
5.973284912e+02;2.589607378e-03
5.975568237e+02;-2.229463280e-04
5.977851562e+02;-1.251929323e-03
5.980134888e+02;4.201680887e-03
5.982418213e+02;-3.772937634e-04
5.984701538e+02;9.260847000e-04
5.986985474e+02;1.234779600e-03
5.989268799e+02;-2.246612916e-03
5.991552734e+02;-1.457726001e-03
5.993836670e+02;-1.629223116e-03
5.996120605e+02;5.144915194e-04
5.998405151e+02;-5.144915121e-05
6.000689087e+02;2.143714577e-03
6.002973633e+02;4.458926560e-04
6.005258179e+02;3.704338800e-03
6.007542725e+02;-1.337677939e-03
6.009827881e+02;-4.630423500e-04
6.012112427e+02;-3.155547893e-03
6.014397583e+02;1.766420901e-03
6.016682739e+02;2.160864417e-03
6.018967896e+02;2.658206038e-03
6.021253052e+02;-4.630423500e-04
6.023538818e+02;1.389127108e-03
6.025823975e+02;4.133081995e-03
6.028109741e+02;1.371977385e-03
6.030395508e+02;-1.783570624e-03
6.032681885e+02;-1.886468817e-04
6.034967651e+02;-1.714971731e-04
6.037253418e+02;4.441776779e-03
6.039539795e+02;5.487909657e-04
6.041826172e+02;-7.202881388e-04
6.044112549e+02;4.493225832e-03
6.046399536e+02;1.166180708e-03
6.048685913e+02;-1.835019677e-03
6.050972900e+02;-6.859886926e-04
6.053259888e+02;4.973417963e-04
6.055546875e+02;1.217629877e-03
6.057833862e+02;-2.435259754e-03
6.060120850e+02;-1.354827662e-03
6.062408447e+02;-1.629223116e-03
6.064696045e+02;4.424626939e-03
6.066983643e+02;5.659406888e-04
6.069271240e+02;-1.166180708e-03
6.071558838e+02;2.915451769e-04
6.073846436e+02;1.114731655e-03
6.076134644e+02;-1.440576278e-03
6.078422852e+02;-2.143714577e-03
6.080711060e+02;4.630423500e-04
6.082999268e+02;-1.423426555e-03
6.085288086e+02;-1.114731655e-03
6.087576294e+02;-3.258446231e-04
6.089865112e+02;-4.630423500e-04
6.092153931e+02;3.532841802e-03
6.094442749e+02;8.231864194e-04
6.096731567e+02;1.183330431e-03
6.099020996e+02;7.888869732e-04
6.101310425e+02;3.772937634e-04
6.103599854e+02;1.046132762e-03
6.105889282e+02;1.526324777e-03
6.108178711e+02;1.011833316e-03
6.110468140e+02;-2.623906592e-03
6.112758179e+02;2.178014023e-03
6.115048218e+02;1.354827662e-03
6.117338257e+02;4.699022509e-03
6.119628296e+02;7.031384157e-04
6.121918335e+02;-1.200480183e-04
6.124208984e+02;2.229463280e-04
6.126499023e+02;-1.766420901e-03
6.128789673e+02;7.888869732e-04
6.131080322e+02;2.349511255e-03
6.133370972e+02;-1.835019677e-03
6.135662231e+02;2.229463280e-04
6.137953491e+02;-2.572457597e-04
6.140244141e+02;1.200480183e-04
6.142535400e+02;3.652889747e-03
6.144826660e+02;4.819070455e-03
6.147118530e+02;-3.258446231e-04
6.149409790e+02;-2.966901055e-03
6.151701660e+02;5.316412426e-04
6.153993530e+02;-1.886468817e-04
6.156285400e+02;6.688389694e-04
6.158577271e+02;-1.166180708e-03
6.160869751e+02;4.167381208e-03
6.163161621e+02;2.572457597e-04
6.165454102e+02;2.418110147e-03
6.167746582e+02;-1.543474500e-04
6.170039062e+02;2.092265524e-03
6.172331543e+02;2.315211808e-03
6.174624634e+02;2.109415131e-03
6.176917725e+02;-2.915451769e-04
6.179210815e+02;2.280912362e-03
6.181503906e+02;-7.717372500e-04
6.183796997e+02;1.714971768e-05
6.186090088e+02;-7.031384157e-04
6.188383789e+02;2.623906592e-03
6.190677490e+02;6.173898000e-04
6.192971191e+02;-1.560624223e-03
6.195264893e+02;9.089349769e-04
6.197558594e+02;1.903618569e-03
6.199852905e+02;8.231864194e-04
6.202146606e+02;3.309895284e-03
6.204440918e+02;-1.251929323e-03
6.206735229e+02;-7.888869732e-04
6.209029541e+02;-1.371977414e-04
6.211324463e+02;-1.646372839e-03
6.213618774e+02;-1.046132762e-03
6.215913696e+02;1.543474500e-04
6.218208618e+02;2.572457597e-04
6.220503540e+02;-1.371977385e-03
6.222799072e+02;-1.097581931e-03
6.225093994e+02;-8.060366963e-04
6.227389526e+02;2.280912362e-03
6.229685059e+02;9.432344232e-04
6.231980591e+02;1.732121455e-03
6.234276123e+02;-1.354827662e-03
6.236571655e+02;1.320528216e-03
6.238867798e+02;-1.114731655e-03
6.241163940e+02;2.092265524e-03
6.243460083e+02;4.527525511e-03
6.245756226e+02;1.714971768e-05
6.248052368e+02;2.966901055e-03
6.250349121e+02;-1.920768293e-03
6.252645264e+02;1.337677939e-03
6.254942017e+02;6.173898000e-04
6.257238770e+02;1.680672285e-03
6.259535522e+02;-3.086949000e-04
6.261832886e+02;-1.371977414e-04
6.264129639e+02;2.572457597e-04
6.266427002e+02;1.955067739e-03
6.268724365e+02;1.680672285e-03
6.271021729e+02;-3.601440694e-04
6.273319092e+02;4.167381208e-03
6.275617065e+02;-1.543474500e-04
6.277914429e+02;-2.932601608e-03
6.280212402e+02;9.775338694e-04
6.282510376e+02;1.972217346e-03
6.284808350e+02;-3.429943536e-05
6.287106934e+02;-7.202881388e-04
6.289404907e+02;2.778254217e-03
6.291703491e+02;1.543474500e-03
6.294002075e+02;8.574858657e-05
6.296300659e+02;1.903618569e-03
6.298599243e+02;1.835019677e-03
6.300898438e+02;7.545875269e-04
6.303197021e+02;4.681872670e-03
6.305496216e+02;-2.126564970e-03
6.307795410e+02;-2.572457597e-04
6.310094604e+02;-1.680672285e-03
6.312394409e+02;8.060366963e-04
6.314693604e+02;-1.046132762e-03
6.316993408e+02;2.984050661e-03
6.319293213e+02;2.229463280e-04
6.321593018e+02;5.487909541e-03
6.323892822e+02;-1.714971731e-04
6.326192627e+02;5.710855592e-03
6.328493042e+02;-2.178014023e-03
6.330793457e+02;-4.973417963e-04
6.333093872e+02;1.046132762e-03
6.335394287e+02;1.423426555e-03
6.337694702e+02;-8.574858657e-05
6.339995728e+02;1.440576278e-03
6.342296143e+02;-6.688389694e-04
6.344597168e+02;3.344194731e-03
6.346898193e+02;-1.714971731e-04
6.349199219e+02;2.057966049e-04
6.351500854e+02;-2.178014023e-03
6.353801880e+02;1.526324777e-03
6.356103516e+02;2.469559200e-03
6.358405151e+02;1.028983024e-04
6.360706787e+02;-1.423426555e-03
6.363008423e+02;3.772937634e-04
6.365310669e+02;1.046132762e-03
6.367612305e+02;6.602641195e-03
6.369914551e+02;-1.714971731e-04
6.372216797e+02;1.371977414e-04
6.374519043e+02;1.028983024e-04
6.376821899e+02;7.048533764e-03
6.379124146e+02;4.115932097e-04
6.381427002e+02;2.366660861e-03
6.383729858e+02;3.944434866e-04
6.386032715e+02;1.835019677e-03
6.388335571e+02;1.732121455e-03
6.390638428e+02;-4.494263325e-03
6.392941895e+02;-1.139936503e-03
6.395245361e+02;-4.998070654e-04
6.397548828e+02;3.637193877e-04
6.399852295e+02;2.950945054e-04
6.402155762e+02;6.341366097e-03
6.404459839e+02;2.787928563e-03
6.406763306e+02;-5.138326087e-04
6.409067383e+02;4.385610111e-03
6.411371460e+02;-2.275310922e-03
6.413675537e+02;-1.615791407e-04
6.415980225e+02;-1.318506431e-03
6.418284302e+02;3.607841209e-03
6.420588989e+02;2.846667543e-03
6.422893677e+02;-3.933134140e-04
6.425198364e+02;1.065899851e-03
6.427503052e+02;2.770906547e-03
6.429808350e+02;-6.655132747e-04
6.432113037e+02;-9.186464013e-04
6.434418335e+02;-7.041564677e-04
6.436723633e+02;2.109464258e-03
6.439028931e+02;-1.917158021e-03
6.441334839e+02;-3.132216516e-04
6.443640137e+02;-1.201279694e-03
6.445946045e+02;-7.393846317e-05
6.448251953e+02;-1.284107566e-04
6.450557861e+02;2.803015523e-03
6.452863770e+02;3.275822150e-03
6.455169678e+02;-2.794707660e-03
6.457476196e+02;1.194584533e-03
6.459782104e+02;-1.289353939e-03
6.462088623e+02;5.344256642e-04
6.464395142e+02;-1.622098964e-03
6.466702271e+02;5.279159173e-03
6.469008789e+02;-3.538955469e-03
6.471315918e+02;3.365514334e-03
6.473623047e+02;1.766091096e-03
6.475930176e+02;2.019370149e-04
6.478237305e+02;7.612130139e-04
6.480544434e+02;-3.962428600e-04
6.482852173e+02;1.933727064e-03
6.485159302e+02;2.468514023e-03
6.487467041e+02;-8.502342971e-04
6.489774780e+02;-1.612270949e-03
6.492082520e+02;3.136728657e-03
6.494390869e+02;3.390338039e-03
6.496698608e+02;1.512627932e-03
6.499006958e+02;-1.290273154e-03
6.501315308e+02;3.052965039e-03
6.503623657e+02;-1.551318710e-04
6.505932007e+02;-2.971543465e-03
6.508240967e+02;1.981549431e-03
6.510549316e+02;-3.522546729e-03
6.512858276e+02;2.663131105e-03
6.515167236e+02;2.030603122e-03
6.517476196e+02;-7.714935928e-04
6.519785767e+02;1.897675684e-03
6.522094727e+02;1.244955929e-03
6.524404297e+02;8.351693978e-04
6.526713867e+02;-1.061402960e-03
6.529023438e+02;-3.420857320e-05
6.531333008e+02;-7.309685461e-04
6.533642578e+02;5.651293905e-04
6.535952759e+02;-4.613515630e-04
6.538262939e+02;4.530469887e-03
6.540573120e+02;3.370627528e-03
6.542883301e+02;-8.760424098e-04
6.545193481e+02;9.668958373e-04
6.547503662e+02;-1.678300905e-03
6.549814453e+02;1.473605982e-03
6.552125244e+02;1.263644896e-03
6.554436035e+02;3.520407248e-03
6.556746826e+02;-1.373600098e-03
6.559057617e+02;-2.590173099e-04
6.561369019e+02;1.503588283e-03
6.563679810e+02;-1.332016313e-03
6.565991211e+02;2.790748142e-03
6.568302612e+02;1.602986013e-03
6.570614014e+02;-2.030844102e-03
6.572926025e+02;1.618928509e-03
6.575237427e+02;3.718145017e-04
6.577549438e+02;-3.485060995e-03
6.579861450e+02;2.600753447e-03
6.582173462e+02;2.864747366e-04
6.584485474e+02;5.628826912e-04
6.586798096e+02;1.025865320e-03
6.589110107e+02;-6.761641125e-04
6.591422729e+02;5.123531446e-03
6.593735352e+02;-9.929687949e-04
6.596047974e+02;1.367735909e-03
6.598360596e+02;4.972245544e-03
6.600673828e+02;2.408958506e-03
6.602987061e+02;2.012510318e-03
6.605299683e+02;-9.453964885e-04
6.607612915e+02;2.064015716e-03
6.609926758e+02;3.893389599e-03
6.612239990e+02;2.915703226e-03
6.614553223e+02;3.059317125e-03
6.616867065e+02;3.981492482e-03
6.619180908e+02;6.862064765e-05
6.621494751e+02;3.610075917e-03
6.623808594e+02;1.716045335e-05
6.626123047e+02;-1.852169400e-03
6.628436890e+02;1.440576278e-03
6.630751343e+02;-9.260847000e-04
6.633065796e+02;8.060366963e-04
6.635380249e+02;4.287429329e-04
6.637694702e+02;-1.543474500e-04
6.640009766e+02;-1.457726001e-03
6.642324219e+02;1.697822008e-03
6.644639282e+02;3.429943463e-04
6.646954346e+02;9.775338694e-04
6.649269409e+02;-2.109415131e-03
6.651584473e+02;-3.018350108e-03
6.653900146e+02;1.680672285e-03
6.656215820e+02;-2.846853109e-03
6.658530884e+02;-1.526324777e-03
6.660846558e+02;5.539358594e-03
6.663162842e+02;-2.332361415e-03
6.665478516e+02;-4.630423500e-04
6.667794189e+02;7.717372500e-04
6.670110474e+02;5.642256700e-03
6.672426758e+02;1.011833316e-03
6.674743042e+02;2.315211808e-03
6.677059326e+02;-1.320528216e-03
6.679376221e+02;4.167381208e-03
6.681692505e+02;-1.680672285e-03
6.684009399e+02;-4.458926560e-04
6.686326294e+02;-2.812553663e-03
6.688643188e+02;1.354827662e-03
6.690960083e+02;3.361344570e-03
6.693277588e+02;2.418110147e-03
6.695594482e+02;-1.028983024e-04
6.697911987e+02;1.457726001e-03
6.700229492e+02;-1.937918016e-03
6.702546997e+02;-7.202881388e-04
6.704865112e+02;4.561824724e-03
6.707182617e+02;5.985251162e-03
6.709500732e+02;6.516892463e-04
6.711818237e+02;3.858686425e-03
6.714136353e+02;1.937918016e-03
6.716455078e+02;6.173898000e-04
6.718773193e+02;-7.202881388e-04
6.721091309e+02;5.487909657e-04
6.723410034e+02;-5.316412426e-04
6.725728760e+02;3.481392516e-03
6.728047485e+02;-1.097581931e-03
6.730366211e+02;3.275595838e-03
6.732685547e+02;2.692505484e-03
6.735004272e+02;-1.200480154e-03
6.737323608e+02;-4.630423500e-04
6.739642944e+02;-1.663522562e-03
6.741962280e+02;-8.060366963e-04
6.744281616e+02;3.429943463e-03
6.746601562e+02;3.515691962e-03
6.748920898e+02;1.920768293e-03
6.751240845e+02;2.795403823e-03
6.753560791e+02;1.131881378e-03
6.755880737e+02;-3.035499947e-03
6.758200684e+02;1.714971768e-05
6.760521240e+02;2.572457597e-04
6.762841187e+02;1.028983039e-03
6.765161743e+02;3.481392516e-03
6.767482300e+02;6.105299108e-03
6.769802856e+02;6.859886926e-04
6.772124023e+02;-3.601440694e-04
6.774444580e+02;3.841536585e-03
6.776765747e+02;-2.572457597e-04
6.779086304e+02;-5.144915194e-04
6.781407471e+02;1.011833316e-03
6.783729248e+02;-3.086949000e-03
6.786050415e+02;-1.697822008e-03
6.788372192e+02;1.063282485e-03
6.790693359e+02;1.852169400e-03
6.793015137e+02;-8.574858657e-05
6.795336914e+02;-7.202881388e-04
6.797658691e+02;-2.984050661e-03
6.799981079e+02;-2.692505484e-03
6.802302856e+02;7.888869732e-04
6.804625244e+02;-2.400960366e-04
6.806947632e+02;-1.629223116e-03
6.809270020e+02;6.345395232e-04
6.811592407e+02;1.835019677e-03
6.813915405e+02;2.178014023e-03
6.816237793e+02;8.403361426e-04
6.818560791e+02;2.572457597e-04
6.820883789e+02;-1.131881378e-03
6.823206787e+02;3.549991408e-03
6.825529785e+02;1.217629877e-03
6.827853394e+02;-3.172697732e-03
6.830176392e+02;-8.917853120e-04
6.832500000e+02;-4.836220294e-03
6.834823608e+02;-2.349511255e-03
6.837147217e+02;-3.361344570e-03
6.839470825e+02;1.028983024e-04
6.841795044e+02;6.448293570e-03
6.844118652e+02;-4.235980101e-03
6.846442871e+02;-6.859887071e-05
6.848767090e+02;-8.574858657e-05
6.851091309e+02;2.452409593e-03
6.853416138e+02;-8.574858657e-05
6.855740356e+02;-3.755788086e-03
6.858065186e+02;-1.406276831e-03
6.860390015e+02;1.234779600e-03
6.862714844e+02;2.521008486e-03
6.865039673e+02;-1.783570624e-03
6.867364502e+02;-1.114731655e-03
6.869689941e+02;-3.018350108e-03
6.872014771e+02;1.714971731e-03
6.874340210e+02;-2.795403823e-03
6.876665649e+02;2.898302162e-03
6.878991089e+02;-1.286228769e-03
6.881317139e+02;-1.320528216e-03
6.883642578e+02;2.726804931e-03
6.885968628e+02;7.202881388e-04
6.888294678e+02;3.464242909e-03
6.890620728e+02;1.886468817e-04
6.892946777e+02;5.607957486e-03
6.895273438e+02;-1.714971731e-03
6.897599487e+02;-1.440576278e-03
6.899926147e+02;1.800720231e-03
6.902252808e+02;-2.023666631e-03
6.904579468e+02;-1.972217346e-03
6.906906128e+02;8.060366963e-04
6.909233398e+02;2.623906592e-03
6.911560059e+02;6.396844517e-03
6.913887329e+02;3.241296625e-03
6.916214600e+02;4.596123938e-03
6.918541870e+02;2.435259754e-03
6.920869141e+02;6.516892463e-04
6.923197021e+02;-1.783570624e-03
6.925524292e+02;8.574858657e-05
6.927852173e+02;3.395644017e-03
6.930180054e+02;-3.258446231e-04
6.932507935e+02;-4.287429329e-04
6.934835815e+02;-1.046132762e-03
6.937164307e+02;4.424626939e-03
6.939492188e+02;-3.309895284e-03
6.941820679e+02;-1.354827662e-03
6.944149170e+02;2.126564970e-03
6.946477661e+02;3.652889747e-03
6.948806763e+02;4.287429329e-04
6.951135254e+02;4.801920732e-04
6.953464355e+02;-1.594923669e-03
6.955792847e+02;-1.011833316e-03
6.958121948e+02;-1.852169400e-03
6.960451660e+02;-2.092265524e-03
6.962780762e+02;-4.458926560e-04
6.965109863e+02;2.057966078e-03
6.967439575e+02;-1.234779600e-03
6.969769287e+02;6.859886926e-04
6.972098999e+02;3.327045124e-03
6.974428711e+02;7.202881388e-04
6.976758423e+02;8.917853120e-04
6.979088745e+02;-1.629223116e-03
6.981418457e+02;7.888869732e-04
6.983748779e+02;1.612073393e-03
6.986079102e+02;-4.064483102e-03
6.988409424e+02;-1.389127108e-03
6.990740356e+02;-6.173898000e-04
6.993070679e+02;3.755788086e-03
6.995401611e+02;-8.746355888e-04
6.997732544e+02;-8.574858657e-05
7.000063477e+02;6.842737086e-03
7.002394409e+02;6.859886926e-04
7.004725342e+02;-1.972217346e-03
7.007056885e+02;-5.144915121e-05
7.009388428e+02;-2.915452002e-03
7.011719971e+02;-8.746355888e-04
7.014051514e+02;-3.704338800e-03
7.016383057e+02;-2.949751215e-03
7.018714600e+02;2.315211808e-03
7.021046753e+02;-2.984050661e-03
7.023378296e+02;3.086949000e-04
7.025710449e+02;1.080432208e-03
7.028042603e+02;-1.732121455e-03
7.030374756e+02;-1.817869954e-03
7.032707520e+02;-4.458926560e-04
7.035039673e+02;5.813754164e-03
7.037372437e+02;1.354827662e-03
7.039705200e+02;4.287429329e-04
7.042037964e+02;1.646372839e-03
7.044370728e+02;2.915451769e-04
7.046704102e+02;-1.286228769e-03
7.049036865e+02;5.916652270e-03
7.051370239e+02;7.374378038e-04
7.053703613e+02;1.114731655e-03
7.056036987e+02;1.937918016e-03
7.058370361e+02;2.503858646e-03
7.060703735e+02;-9.260847000e-04
7.063037720e+02;1.389127108e-03
7.065371704e+02;4.716172349e-03
7.067705688e+02;1.869319123e-03
7.070039673e+02;-5.144915121e-05
7.072373657e+02;1.903618569e-03
7.074707642e+02;1.732121455e-03
7.077042236e+02;8.574858657e-04
7.079376831e+02;5.830903538e-04
7.081711426e+02;-7.202881388e-04
7.084046021e+02;-4.321728833e-03
7.086380615e+02;-2.555307932e-03
7.088715210e+02;-3.755788086e-03
7.091050415e+02;-3.035499947e-03
7.093385620e+02;4.115932155e-03
7.095720215e+02;-1.783570624e-03
7.098056030e+02;-2.572457597e-04
7.100391235e+02;-1.835019677e-03
7.102726440e+02;2.229463280e-04
7.105062256e+02;3.241296625e-03
7.107398071e+02;-1.543474500e-03
7.109733276e+02;8.917853120e-04
7.112069702e+02;-7.374378038e-04
7.114405518e+02;2.195163863e-03
7.116741333e+02;1.526324777e-03
7.119077759e+02;2.606756985e-03
7.121413574e+02;2.521008486e-03
7.123750000e+02;-2.195163863e-03
7.126086426e+02;8.917853120e-04
7.128423462e+02;6.139598787e-03
7.130759888e+02;2.075115684e-03
7.133096924e+02;1.612073393e-03
7.135433350e+02;4.287429329e-04
7.137770386e+02;1.526324777e-03
7.140107422e+02;4.013033584e-03
7.142445068e+02;1.886468817e-04
7.144782104e+02;3.155547893e-03
7.147119751e+02;2.229463309e-03
7.149456787e+02;-6.345395232e-04
7.151794434e+02;2.040816238e-03
7.154132080e+02;2.057966078e-03
7.156470337e+02;-4.424626939e-03
7.158807983e+02;5.213513970e-03
7.161146240e+02;2.418110147e-03
7.163483887e+02;3.618590301e-03
7.165822144e+02;3.978734370e-03
7.168160400e+02;-2.589607378e-03
7.170499268e+02;-5.830903538e-04
7.172837524e+02;8.574858657e-04
7.175176392e+02;-9.775338694e-04
7.177514648e+02;-3.241296625e-03
7.179853516e+02;-6.859886926e-04
7.182192383e+02;-7.202881388e-04
7.184531860e+02;3.978734370e-03
7.186870728e+02;-1.286228769e-03
7.189210205e+02;-9.432344232e-04
7.191549072e+02;5.144915121e-05
7.193888550e+02;1.097581931e-03
7.196228027e+02;1.577773946e-03
7.198567505e+02;1.046132762e-03
7.200907593e+02;3.464242909e-03
7.203247070e+02;-6.859887071e-05
7.205587158e+02;1.989367185e-03
7.207927246e+02;2.075115684e-03
7.210267334e+02;1.749271178e-03
7.212607422e+02;-1.080432208e-03
7.214948120e+02;3.344194731e-03
7.217288208e+02;-6.516892463e-04
7.219628906e+02;1.131881378e-03
7.221969604e+02;-6.173898000e-04
7.224310303e+02;8.060366963e-04
7.226651001e+02;4.304578993e-03
7.228992310e+02;4.956268240e-03
7.231333008e+02;2.915451769e-04
7.233674316e+02;1.337677939e-03
7.236015625e+02;-4.287429154e-03
7.238356934e+02;-6.345395232e-04
7.240698242e+02;-5.659406888e-04
7.243039551e+02;2.555307932e-03
7.245381470e+02;-3.429943536e-05
7.247723389e+02;1.440576278e-03
7.250064697e+02;3.069799393e-03
7.252406616e+02;8.403361426e-04
7.254749146e+02;-2.383810701e-03
7.257091064e+02;-2.778254217e-03
7.259433594e+02;-9.432344232e-04
7.261775513e+02;1.886468817e-04
7.264118042e+02;-2.109415131e-03
7.266460571e+02;4.921968561e-03
7.268803101e+02;-8.746355888e-04
7.271146240e+02;3.652889747e-03
7.273488770e+02;4.973417963e-04
7.275831909e+02;1.783570624e-03
7.278175049e+02;1.149030984e-03
7.280518188e+02;3.412793623e-03
7.282861328e+02;-2.075115684e-03
7.285204468e+02;-1.371977414e-04
7.287548218e+02;-1.543474500e-04
7.289891357e+02;1.234779600e-03
7.292235107e+02;3.824386979e-03
7.294578857e+02;-8.746355888e-04
7.296922607e+02;6.688389694e-04
7.299266968e+02;1.612073393e-03
7.301610718e+02;-1.200480183e-04
7.303955078e+02;-1.594923669e-03
7.306299438e+02;4.784771241e-03
7.308643799e+02;-5.659406888e-04
7.310988159e+02;-2.418110147e-03
7.313332520e+02;-5.144915194e-04
7.315677490e+02;3.978734370e-03
7.318021851e+02;-8.746355888e-04
7.320366821e+02;-2.932601608e-03
7.322711792e+02;-1.903618569e-03
7.325056763e+02;7.202881388e-04
7.327401733e+02;2.572457539e-03
7.329747314e+02;-7.717372500e-04
7.332092285e+02;-1.080432208e-03
7.334437866e+02;-3.189847339e-03
7.336783447e+02;4.887669347e-03
7.339129028e+02;1.200480183e-04
7.341475220e+02;-3.258446231e-04
7.343820801e+02;6.002400769e-04
7.346166992e+02;-2.195163863e-03
7.348512573e+02;-1.955067739e-03
7.350858765e+02;2.023666631e-03
7.353204956e+02;-1.577773946e-03
7.355551758e+02;2.658206038e-03
7.357897949e+02;6.859887071e-05
7.360244751e+02;-7.545875269e-04
7.362590942e+02;1.474875608e-03
7.364937744e+02;-1.371977414e-04
7.367284546e+02;9.432344232e-04
7.369631958e+02;-1.852169400e-03
7.371978760e+02;3.618590301e-03
7.374325562e+02;-1.492025331e-03
7.376672974e+02;6.705539301e-03
7.379020386e+02;-3.258446231e-03
7.381367798e+02;1.526324777e-03
7.383715210e+02;-8.231864194e-04
7.386063232e+02;4.613273777e-03
7.388410645e+02;2.795403823e-03
7.390758667e+02;3.429943536e-05
7.393106689e+02;-2.332361415e-03
7.395454712e+02;4.253129940e-03
7.397802734e+02;1.972217346e-03
7.400150757e+02;-1.371977414e-04
7.402499390e+02;0.000000000e+00
7.404848022e+02;-1.920768293e-03
7.407196045e+02;2.057966078e-03
7.409544678e+02;2.418110147e-03
7.411893921e+02;4.287429329e-04
7.414242554e+02;5.385010969e-03
7.416591187e+02;9.603841463e-04
7.418940430e+02;3.892985871e-03
7.421289673e+02;-4.630423617e-03
7.423638916e+02;4.167381208e-03
7.425988159e+02;-1.200480154e-03
7.428337402e+02;-1.594923669e-03
7.430687256e+02;9.089349769e-04
7.433036499e+02;2.915451769e-04
7.435386353e+02;3.206997178e-03
7.437736206e+02;1.766420901e-03
7.440086060e+02;-7.545875269e-04
7.442435913e+02;-7.031384157e-04
7.444786377e+02;-7.202881388e-04
7.447136230e+02;-3.429943536e-05
7.449486694e+02;3.618590301e-03
7.451837158e+02;3.412793623e-03
7.454187622e+02;2.743954770e-03
7.456538086e+02;-3.258446231e-04
7.458889160e+02;6.859886926e-03
7.461239624e+02;3.772937634e-04
7.463590698e+02;-2.006516792e-03
7.465941772e+02;4.801920732e-04
7.468292847e+02;-2.315211808e-03
7.470643921e+02;1.423426555e-03
7.472995605e+02;-1.714971768e-05
7.475346680e+02;1.989367185e-03
7.477698364e+02;1.004973426e-02
7.480050049e+02;-1.612073393e-03
7.482401733e+02;1.200480154e-03
7.484753418e+02;1.028983024e-04
7.487105103e+02;-1.200480154e-03
7.489457397e+02;7.940319367e-03
7.491809692e+02;2.400960308e-03
7.494161377e+02;2.400960308e-03
7.496513672e+02;1.097581931e-03
7.498865967e+02;-1.509175054e-03
7.501218872e+02;1.800720231e-03
7.503571167e+02;2.092265524e-03
7.505924072e+02;3.601440694e-04
7.508276978e+02;1.972217346e-03
7.510629883e+02;6.859886926e-04
7.512982788e+02;7.322929334e-03
7.515335693e+02;1.835019677e-03
7.517688599e+02;4.801920732e-04
7.520042114e+02;-1.594923669e-03
7.522395630e+02;1.543474500e-04
7.524749146e+02;1.749271178e-03
7.527102661e+02;3.515691962e-03
7.529456177e+02;-1.732121455e-03
7.531809692e+02;-3.361344570e-03
7.534163818e+02;1.732121455e-03
7.536517944e+02;1.097581931e-03
7.538872070e+02;-1.011833316e-03
7.541226196e+02;5.299262702e-03
7.543580322e+02;1.732121455e-03
7.545934448e+02;-8.231864194e-04
7.548289185e+02;2.178014023e-03
7.550643311e+02;-5.179214757e-03
7.552998047e+02;2.418110147e-03
7.555352783e+02;9.946835926e-04
7.557707520e+02;3.772937634e-04
7.560062866e+02;1.166180708e-03
7.562417603e+02;-3.018350108e-03
7.564772949e+02;3.721488640e-03
7.567128296e+02;-2.572457597e-04
7.569483643e+02;-7.717372500e-04
7.571838989e+02;-1.097581931e-03
7.574194336e+02;-3.687189193e-03
7.576550293e+02;-2.349511255e-03
7.578905640e+02;-1.869319123e-03
7.581261597e+02;-9.432344232e-04
7.583617554e+02;-3.069799393e-03
7.585973511e+02;-2.400960308e-03
7.588329468e+02;-1.937918016e-03
7.590686035e+02;1.835019677e-03
7.593041992e+02;2.572457597e-04
7.595398560e+02;6.859886926e-04
7.597755127e+02;3.172697732e-03
7.600111694e+02;8.403361426e-04
7.602468262e+02;2.057966049e-04
7.604824829e+02;-1.131881378e-03
7.607182007e+02;-2.229463280e-04
7.609539185e+02;1.320528216e-03
7.611895752e+02;-3.104098840e-03
7.614252930e+02;1.766420901e-03
7.616610718e+02;4.476075992e-03
7.618967896e+02;2.538158093e-03
7.621325073e+02;4.750471562e-03
7.623682861e+02;-2.057966049e-04
7.626040649e+02;-1.732121455e-03
7.628398438e+02;-1.629223116e-03
7.630756226e+02;3.927285317e-03
7.633114014e+02;2.572457597e-04
7.635472412e+02;-1.903618569e-03
7.637830200e+02;1.011833316e-03
7.640188599e+02;1.423426555e-03
7.642546997e+02;3.069799393e-03
7.644905396e+02;-7.717372500e-04
7.647263794e+02;1.835019677e-03
7.649622803e+02;-1.543474500e-03
7.651981201e+02;4.784771241e-03
7.654340210e+02;7.545875269e-04
7.656699219e+02;1.217629877e-03
7.659058228e+02;-1.423426555e-03
7.661417236e+02;5.573657807e-03
7.663776245e+02;1.097581931e-03
7.666135864e+02;-1.011833316e-03
7.668494873e+02;-4.356028046e-03
7.670854492e+02;-1.714971731e-04
7.673214111e+02;1.886468817e-04
7.675573730e+02;1.011833316e-03
7.677933960e+02;-4.458926560e-04
7.680293579e+02;3.687189193e-03
7.682653809e+02;-4.013033584e-03
7.685013428e+02;-2.864002716e-03
7.687373657e+02;-2.263762755e-03
7.689733887e+02;4.458926560e-04
7.692094727e+02;-1.149030984e-03
7.694454956e+02;-1.937918016e-03
7.696815796e+02;3.086949000e-04
7.699176025e+02;5.127765238e-03
7.701536865e+02;5.830903538e-04
7.703897705e+02;-3.944434866e-04
7.706259155e+02;3.481392516e-03
7.708619995e+02;5.830903538e-04
7.710980835e+02;2.846853109e-03
7.713342285e+02;2.418110147e-03
7.715703735e+02;-4.973417963e-04
7.718065186e+02;2.778254217e-03
7.720426636e+02;1.183330431e-03
7.722788086e+02;3.910135478e-03
7.725150146e+02;-8.060366963e-04
7.727511597e+02;2.555307932e-03
7.729873657e+02;1.783570624e-03
7.732235718e+02;-3.138398286e-03
7.734597778e+02;-3.601440694e-04
7.736959839e+02;2.555307932e-03
7.739322510e+02;4.630423500e-04
7.741684570e+02;-2.229463309e-03
7.744047241e+02;-1.646372839e-03
7.746409912e+02;-1.714971731e-03
7.748772583e+02;7.545875269e-04
7.751135254e+02;-2.178014023e-03
7.753497925e+02;-9.432344232e-04
7.755861206e+02;-1.646372839e-03
7.758224487e+02;1.320528216e-03
7.760587158e+02;1.492025331e-03
7.762950439e+02;-2.057966078e-03
7.765314331e+02;1.131881378e-03
7.767677612e+02;3.035499947e-03
7.770040894e+02;2.812553663e-03
7.772404785e+02;1.251929323e-03
7.774768677e+02;2.829703270e-03
7.777132568e+02;-1.440576278e-03
7.779496460e+02;1.320528216e-03
7.781860352e+02;1.200480154e-03
7.784224243e+02;3.018350108e-03
7.786588745e+02;5.144915121e-05
7.788952637e+02;2.572457597e-04
7.791317139e+02;4.458926560e-04
7.793681641e+02;-2.057966049e-04
7.796046753e+02;1.714971768e-05
7.798411255e+02;-1.217629877e-03
7.800775757e+02;-2.349511255e-03
7.803140869e+02;-3.086949000e-04
7.805505981e+02;-6.688389694e-04
7.807871094e+02;3.258446231e-03
7.810236206e+02;-4.973417963e-04
7.812601318e+02;1.560624223e-03
7.814967041e+02;8.060366963e-04
7.817332153e+02;1.389127108e-03
7.819697876e+02;2.229463280e-04
7.822063599e+02;1.320528216e-03
7.824429321e+02;-1.114731655e-03
7.826795044e+02;2.521008486e-03
7.829160767e+02;9.946835926e-04
7.831527100e+02;-1.492025331e-03
7.833893433e+02;2.006516792e-03
7.836259155e+02;-2.675355878e-03
7.838625488e+02;-3.944434866e-04
7.840991821e+02;-1.594923669e-03
7.843358765e+02;2.623906592e-03
7.845725098e+02;-2.795403823e-03
7.848092041e+02;5.659406888e-04
7.850458984e+02;5.779454485e-03
7.852825928e+02;2.160864417e-03
7.855192871e+02;4.561824724e-03
7.857559814e+02;-1.543474500e-03
7.859926758e+02;6.551191676e-03
7.862294312e+02;2.349511255e-03
7.864661255e+02;2.435259754e-03
7.867028809e+02;-7.888869732e-04
7.869396362e+02;1.972217346e-03
7.871763916e+02;-1.131881378e-03
7.874132080e+02;-2.109415131e-03
7.876499634e+02;-1.835019677e-03
7.878867798e+02;4.013033584e-03
7.881235962e+02;-1.286228769e-03
7.883604126e+02;-1.526324777e-03
7.885972290e+02;0.000000000e+00
7.888340454e+02;1.063282485e-03
7.890708618e+02;3.429943536e-05
7.893077393e+02;2.280912362e-03
7.895446167e+02;-6.688389694e-04
7.897814941e+02;1.286228769e-03
7.900183716e+02;-4.287429329e-04
7.902552490e+02;-3.772937634e-04
7.904921265e+02;3.258446231e-03
7.907290649e+02;-1.920768293e-03
7.909659424e+02;2.589607378e-03
7.912028809e+02;3.481392516e-03
7.914398193e+02;-3.258446231e-03
7.916767578e+02;7.545875269e-04
7.919136963e+02;2.538158093e-03
7.921506958e+02;5.385010969e-03
7.923876343e+02;5.402160808e-03
7.926246338e+02;-2.572457539e-03
7.928616333e+02;-2.658206038e-03
7.930986328e+02;-1.543474500e-04
7.933356323e+02;8.403361426e-04
7.935726929e+02;-2.229463280e-04
7.938096924e+02;9.432344232e-04
7.940467529e+02;3.790087532e-03
7.942838135e+02;-7.888869732e-04
7.945208740e+02;2.418110147e-03
7.947579346e+02;1.577773946e-03
7.949949951e+02;4.681872670e-03
7.952320557e+02;-2.195163863e-03
7.954691772e+02;-4.458926560e-04
7.957062988e+02;1.663522562e-03
7.959434204e+02;2.435259754e-03
7.961805420e+02;-4.458926560e-04
7.964176636e+02;2.366660861e-03
7.966547852e+02;3.275595838e-03
7.968919678e+02;6.499742623e-03
7.971290894e+02;3.121248446e-03
7.973662720e+02;4.973417963e-04
7.976034546e+02;6.345395232e-04
7.978406372e+02;2.555307932e-03
7.980778809e+02;9.603841463e-04
7.983150635e+02;3.361344570e-03
7.985523071e+02;-5.642256700e-03
7.987894897e+02;-3.549991408e-03
7.990267334e+02;3.652889747e-03
7.992639771e+02;9.946835926e-04
7.995012207e+02;1.028983039e-03
7.997385254e+02;2.195163863e-03
7.999757690e+02;1.457726001e-03
8.002130737e+02;3.258446231e-04
8.004503784e+02;1.862459257e-02
8.006876831e+02;-2.572457597e-04
8.009249878e+02;-4.287429329e-04
8.011622925e+02;-1.011833316e-03
8.013996582e+02;-3.944434866e-04
8.016369629e+02;-5.830903538e-04
8.018743286e+02;-1.440576278e-03
8.021116943e+02;1.783570624e-03
8.023490601e+02;-3.086949000e-04
8.025864258e+02;2.212313469e-03
8.028237915e+02;-1.937918016e-03
8.030612183e+02;8.746355888e-04
8.032986450e+02;2.778254217e-03
8.035360107e+02;1.286228769e-03
8.037734375e+02;-5.830903538e-04
8.040109253e+02;1.371977385e-03
8.042483521e+02;2.075115684e-03
8.044857788e+02;3.944434691e-03
8.047232666e+02;-8.403361426e-04
8.049607544e+02;-6.345395232e-04
8.051981812e+02;-4.973417963e-04
8.054356689e+02;1.011833316e-03
8.056732178e+02;-2.778254217e-03
8.059107056e+02;3.944434866e-04
8.061481934e+02;-1.732121455e-03
8.063857422e+02;-3.618590301e-03
8.066232910e+02;1.149030984e-03
8.068608398e+02;2.109415131e-03
8.070983887e+02;2.418110147e-03
8.073359375e+02;6.002400769e-04
8.075735474e+02;4.630423500e-04
8.078110962e+02;8.574858657e-04
8.080487061e+02;2.383810701e-03
8.082863159e+02;4.287429329e-04
8.085239258e+02;2.521008486e-03
8.087615356e+02;9.432344232e-04
8.089991455e+02;-1.903618569e-03
8.092368164e+02;-1.149030984e-03
8.094744263e+02;5.316412426e-04
8.097120972e+02;2.418110147e-03
8.099497681e+02;-1.937918016e-03
8.101874390e+02;-1.903618569e-03
8.104251099e+02;2.057966078e-03
8.106628418e+02;5.556508433e-03
8.109005127e+02;-1.354827662e-03
8.111382446e+02;3.429943463e-03
8.113759766e+02;8.574858657e-05
8.116137085e+02;9.432344232e-04
8.118514404e+02;1.732121455e-03
8.120891724e+02;-1.886468846e-03
8.123269653e+02;3.206997178e-03
8.125646973e+02;1.011833316e-03
8.128024902e+02;6.671240088e-03
8.130402832e+02;2.709655324e-03
8.132780762e+02;2.623906592e-03
8.135158691e+02;4.201680887e-03
8.137537231e+02;-1.835019677e-03
8.139915161e+02;4.287429329e-04
8.142293701e+02;-1.354827662e-03
8.144672241e+02;-2.263762755e-03
8.147050781e+02;5.316412426e-04
8.149429321e+02;2.503858646e-03
8.151807861e+02;3.018350108e-03
8.154186401e+02;7.545875269e-04
8.156565552e+02;-2.126564970e-03
8.158944702e+02;-5.316412426e-04
8.161323242e+02;1.629223116e-03
8.163703003e+02;-8.574858657e-05
8.166082153e+02;-1.183330431e-03
8.168461304e+02;3.961584531e-03
8.170840454e+02;9.603841463e-04
8.173220215e+02;1.697822008e-03
8.175599976e+02;1.080432208e-03
8.177979736e+02;3.309895284e-03
8.180359497e+02;-2.023666631e-03
8.182739258e+02;-1.200480183e-04
8.185119629e+02;1.869319123e-03
8.187499390e+02;-1.903618569e-03
8.189879761e+02;6.002400769e-04
8.192260132e+02;1.543474500e-03
8.194640503e+02;-5.144915121e-05
8.197020874e+02;-3.515691962e-03
8.199401245e+02;3.052649554e-03
8.201781616e+02;4.819070455e-03
8.204162598e+02;-3.429943536e-05
8.206543579e+02;-2.040816238e-03
8.208924561e+02;4.630423617e-03
8.211305542e+02;-2.040816238e-03
8.213686523e+02;-7.545875269e-04
8.216067505e+02;-2.383810701e-03
8.218449097e+02;6.482593250e-03
8.220830078e+02;0.000000000e+00
8.223211670e+02;-1.217629877e-03
8.225593262e+02;4.458926560e-04
8.227974854e+02;1.577773946e-03
8.230356445e+02;8.403361426e-04
8.232738647e+02;2.555307932e-03
8.235120239e+02;1.937918016e-03
8.237502441e+02;1.131881378e-03
8.239884644e+02;1.028983024e-04
8.242266846e+02;-2.229463309e-03
8.244649048e+02;1.406276831e-03
8.247031250e+02;5.264963023e-03
8.249414062e+02;1.269079046e-03
8.251796265e+02;1.492025331e-03
8.254179077e+02;5.950951949e-03
8.256561890e+02;-2.949751215e-03
8.258944702e+02;3.515691962e-03
8.261327515e+02;2.263762755e-03
8.263710938e+02;-5.659406888e-04
8.266093750e+02;-8.917853120e-04
8.268477173e+02;0.000000000e+00
8.270859985e+02;-1.714971768e-05
8.273243408e+02;-1.492025331e-03
8.275626831e+02;3.618590301e-03
8.278010864e+02;-3.601440694e-04
8.280394287e+02;6.688389694e-04
8.282778320e+02;-1.886468846e-03
8.285161743e+02;4.664722830e-03
8.287545776e+02;1.389127108e-03
8.289929810e+02;1.766420901e-03
8.292313843e+02;4.476075992e-03
8.294698486e+02;-4.115932097e-04
8.297082520e+02;-1.852169400e-03
8.299467163e+02;-3.601440694e-04
8.301851196e+02;1.371977385e-03
8.304235840e+02;-1.526324777e-03
8.306620483e+02;3.292745678e-03
8.309005127e+02;-3.052649554e-03
8.311390381e+02;2.743954828e-04
8.313775024e+02;1.543474500e-04
8.316160278e+02;-1.697822008e-03
8.318545532e+02;2.932601608e-03
8.320930176e+02;3.052649554e-03
8.323316040e+02;4.458926560e-04
8.325701294e+02;7.202881388e-04
8.328086548e+02;1.800720231e-03
8.330472412e+02;2.572457539e-03
8.332857666e+02;2.400960308e-03
8.335243530e+02;2.709655324e-03
8.337629395e+02;2.623906592e-03
8.340015259e+02;-5.144915194e-04
8.342401123e+02;7.031384157e-04
8.344787598e+02;3.344194731e-03
8.347173462e+02;-3.086949000e-04
8.349559937e+02;4.115932097e-04
8.351946411e+02;5.264963023e-03
8.354332886e+02;9.603841463e-04
8.356719360e+02;8.386211470e-03
8.359105835e+02;1.200480154e-03
8.361492920e+02;3.189847339e-03
8.363879395e+02;1.680672285e-03
8.366266479e+02;4.973417963e-04
8.368653564e+02;2.212313469e-03
8.371040649e+02;-1.200480154e-03
8.373427734e+02;4.235980101e-03
8.375815430e+02;3.412793623e-03
8.378202515e+02;1.732121455e-03
8.380590210e+02;-2.229463280e-04
8.382977905e+02;2.572457539e-03
8.385364990e+02;7.803121116e-03
8.387753296e+02;-1.697822008e-03
8.390140991e+02;-1.423426555e-03
8.392528687e+02;-1.149030984e-03
8.394916992e+02;4.699022509e-03
8.397304688e+02;2.383810701e-03
8.399692993e+02;2.376950718e-02
8.402081299e+02;4.630423500e-04
8.404469604e+02;3.361344570e-03
8.406857910e+02;1.371977385e-03
8.409246826e+02;-1.577773946e-03
8.411635132e+02;-1.097581931e-03
8.414024048e+02;1.663522562e-03
8.416412964e+02;-1.543474500e-03
8.418801880e+02;-3.429943536e-05
8.421190796e+02;1.869319123e-03
8.423579712e+02;-1.251929323e-03
8.425969238e+02;-9.089349769e-04
8.428358154e+02;8.403361426e-04
8.430747681e+02;6.859887071e-05
8.433137207e+02;6.859886926e-04
8.435526733e+02;-2.452409593e-03
8.437916260e+02;3.447093070e-03
8.440305786e+02;-1.183330431e-03
8.442695923e+02;2.623906592e-03
8.445086060e+02;-2.829703270e-03
8.447475586e+02;1.577773946e-03
8.449865723e+02;6.345395232e-04
8.452255859e+02;1.423426555e-03
8.454645996e+02;1.714971731e-04
8.457036743e+02;7.031384157e-04
8.459426880e+02;9.775338694e-04
8.461817627e+02;2.692505484e-03
8.464208374e+02;-9.603841463e-04
8.466599121e+02;4.458926560e-04
8.468989868e+02;5.316412426e-04
8.471380615e+02;-3.944434866e-04
8.473771362e+02;1.440576278e-03
8.476162720e+02;3.567141248e-03
8.478553467e+02;-1.389127108e-03
8.480944824e+02;5.144915194e-04
8.483336182e+02;1.852169400e-03
8.485727539e+02;-2.143714577e-03
8.488119507e+02;1.663522562e-03
8.490510864e+02;2.023666631e-03
8.492902832e+02;3.790087532e-03
8.495294189e+02;-1.714971731e-03
8.497686157e+02;2.332361415e-03
8.500078125e+02;3.378494177e-03
8.502470093e+02;1.663522562e-03
8.504862061e+02;-1.749271178e-03
8.507254639e+02;3.052649554e-03
8.509646606e+02;-6.516892463e-04
8.512039185e+02;1.423426555e-03
8.514431763e+02;-1.920768293e-03
8.516824341e+02;-7.888869732e-04
8.519216919e+02;8.574858657e-04
8.521609497e+02;1.217629877e-03
8.524002686e+02;1.835019677e-03
8.526395264e+02;2.984050661e-03
8.528788452e+02;1.663522562e-03
8.531181641e+02;5.487909657e-04
8.533574829e+02;-8.746355888e-04
8.535968018e+02;1.183330431e-03
8.538361816e+02;2.280912362e-03
8.540755005e+02;1.046132762e-03
8.543148804e+02;1.200480183e-04
8.545541992e+02;2.178014023e-03
8.547935791e+02;-3.086949000e-04
8.550329590e+02;1.766420901e-03
8.552723389e+02;-2.795403823e-03
8.555117798e+02;-1.663522562e-03
8.557511597e+02;5.316412426e-04
8.559906006e+02;1.955067739e-03
8.562300415e+02;-2.658206038e-03
8.564694824e+02;1.680672285e-03
8.567089233e+02;1.011833316e-03
8.569483643e+02;4.578974564e-03
8.571878052e+02;1.697822008e-03
8.574273071e+02;-2.229463280e-04
8.576667480e+02;-4.973417963e-04
8.579062500e+02;-1.543474500e-03
8.581457520e+02;5.676556379e-03
8.583852539e+02;2.778254217e-03
8.586247559e+02;2.778254217e-03
8.588643188e+02;-1.011833316e-03
8.591038208e+02;1.800720231e-03
8.593433838e+02;2.212313469e-03
8.595829468e+02;5.522208754e-03
8.598225098e+02;-1.543474500e-03
8.600620728e+02;3.035499947e-03
8.603016357e+02;-3.309895284e-03
8.605411987e+02;5.676556379e-03
8.607808228e+02;2.572457597e-04
8.610203857e+02;1.869319123e-03
8.612600098e+02;-2.555307932e-03
8.614996338e+02;-1.560624223e-03
8.617392578e+02;-1.646372839e-03
8.619789429e+02;-6.516892463e-04
8.622185669e+02;-6.173898000e-04
8.624581909e+02;1.337677939e-03
8.626978760e+02;-4.167381208e-03
8.629375610e+02;-1.835019677e-03
8.631772461e+02;-7.031384157e-04
8.634169312e+02;-3.258446231e-04
8.636566162e+02;-3.704338800e-03
8.638963623e+02;-1.749271178e-03
8.641360474e+02;4.201680887e-03
8.643757935e+02;1.320528216e-03
8.646155396e+02;-8.574858657e-05
8.648552856e+02;2.726804931e-03
8.650950317e+02;5.539358594e-03
8.653347778e+02;2.040816238e-03
8.655745239e+02;2.075115684e-03
8.658143311e+02;1.234779600e-03
8.660541382e+02;-8.746355888e-04
8.662939453e+02;6.705539301e-03
8.665336914e+02;-1.663522562e-03
8.667735596e+02;-1.869319123e-03
8.670133667e+02;-2.092265524e-03
8.672531738e+02;-1.097581931e-03
8.674930420e+02;-1.149030984e-03
8.677329102e+02;3.772937634e-04
8.679727173e+02;-7.545875269e-04
8.682125854e+02;3.172697732e-03
8.684524536e+02;9.946835926e-04
8.686923828e+02;1.697822008e-03
8.689322510e+02;-2.229463280e-04
8.691721802e+02;4.476075992e-03
8.694120483e+02;-2.915452002e-03
8.696519775e+02;1.474875608e-03
8.698919067e+02;1.663522562e-03
8.701318359e+02;2.932601608e-03
8.703718262e+02;-1.972217346e-03
8.706117554e+02;-3.875836032e-03
8.708517456e+02;-2.229463280e-04
8.710916748e+02;1.114731655e-03
8.713316650e+02;-1.440576278e-03
8.715716553e+02;1.286228769e-03
8.718116455e+02;-3.327045124e-03
8.720516968e+02;1.286228769e-03
8.722916870e+02;-2.795403823e-03
8.725316772e+02;-9.775338694e-04
8.727717285e+02;9.432344232e-04
8.730117798e+02;2.726804931e-03
8.732518311e+02;1.869319123e-03
8.734918823e+02;3.961584531e-03
8.737319336e+02;-8.060366963e-04
8.739720459e+02;1.886468817e-04
8.742120972e+02;5.385010969e-03
8.744522095e+02;2.366660861e-03
8.746923218e+02;-2.675355878e-03
8.749324341e+02;-3.601440694e-04
8.751725464e+02;1.028983039e-03
8.754126587e+02;-1.371977414e-04
8.756528320e+02;1.594923669e-03
8.758929443e+02;1.714971768e-05
8.761331177e+02;-2.366660861e-03
8.763732910e+02;1.217629877e-03
8.766134644e+02;-6.002400769e-04
8.768536377e+02;-8.917853120e-04
8.770938110e+02;1.766420901e-03
8.773340454e+02;3.670039354e-03
8.775742188e+02;1.200480183e-04
8.778144531e+02;2.263762755e-03
8.780546875e+02;-3.104098840e-03
8.782949219e+02;2.452409593e-03
8.785351562e+02;6.362544838e-03
8.787753906e+02;-2.932601608e-03
8.790156250e+02;6.859887071e-05
8.792559204e+02;1.423426555e-03
8.794962158e+02;1.766420901e-03
8.797364502e+02;3.001200501e-03
8.799767456e+02;-1.543474500e-04
8.802170410e+02;-5.659406888e-04
8.804573975e+02;1.389127108e-03
8.806976929e+02;-1.492025331e-03
8.809380493e+02;4.510375671e-03
8.811783447e+02;-1.714971731e-04
8.814187012e+02;-7.717372500e-04
8.816590576e+02;1.011833316e-03
8.818994141e+02;2.006516792e-03
8.821397705e+02;1.080432208e-03
8.823801880e+02;3.772937634e-04
8.826205444e+02;2.418110147e-03
8.828609619e+02;-1.766420901e-03
8.831013794e+02;3.189847339e-03
8.833417969e+02;4.287429329e-04
8.835822144e+02;1.732121455e-03
8.838226318e+02;3.001200501e-03
8.840630493e+02;1.886468817e-04
8.843035278e+02;-2.538158093e-03
8.845440063e+02;5.830903538e-04
8.847844238e+02;8.746355888e-04
8.850249023e+02;-3.206997178e-03
8.852653809e+02;-5.659406888e-04
8.855059204e+02;-2.555307932e-03
8.857463989e+02;-2.315211808e-03
8.859868774e+02;3.772937634e-04
8.862274170e+02;5.710855592e-03
8.864679565e+02;-2.435259754e-03
8.867084961e+02;-2.829703270e-03
8.869490356e+02;2.418110147e-03
8.871895752e+02;4.133081995e-03
8.874301147e+02;-2.555307932e-03
8.876707153e+02;1.749271178e-03
8.879112549e+02;1.783570624e-03
8.881518555e+02;1.526324777e-03
8.883924561e+02;-8.746355888e-04
8.886330566e+02;2.349511255e-03
8.888736572e+02;5.316412426e-04
8.891143188e+02;1.869319123e-03
8.893549194e+02;1.869319123e-03
8.895955811e+02;2.315211808e-03
8.898361816e+02;2.178014023e-03
8.900768433e+02;1.457726001e-03
8.903175049e+02;3.292745678e-03
8.905582275e+02;1.028983024e-04
8.907988892e+02;6.259646732e-03
8.910395508e+02;-1.114731655e-03
8.912802734e+02;4.973417963e-04
8.915209961e+02;1.028983024e-04
8.917616577e+02;-9.260847000e-04
8.920023804e+02;5.144915121e-05
8.922431641e+02;9.432344232e-04
8.924838867e+02;-1.063282485e-03
8.927246094e+02;-1.612073393e-03
8.929653931e+02;1.869319123e-03
8.932061768e+02;-5.659406888e-04
8.934468994e+02;-6.173898000e-04
8.936876831e+02;3.875836032e-03
8.939285278e+02;4.664722830e-03
8.941693115e+02;1.028983039e-03
8.944100952e+02;3.327045124e-03
8.946509399e+02;-2.452409593e-03
8.948917236e+02;-1.371977385e-03
8.951325684e+02;-1.457726001e-03
8.953734131e+02;1.028983024e-04
8.956142578e+02;1.286228769e-03
8.958551636e+02;-4.253129940e-03
8.960960083e+02;2.966901055e-03
8.963368530e+02;1.320528216e-03
8.965777588e+02;-1.063282485e-03
8.968186646e+02;-2.572457539e-03
8.970595703e+02;4.441776779e-03
8.973004761e+02;1.011833316e-03
8.975413818e+02;3.275595838e-03
8.977822876e+02;5.316412076e-03
8.980232544e+02;-1.749271178e-03
8.982642212e+02;1.629223116e-03
8.985051270e+02;1.217629877e-03
8.987460938e+02;1.697822008e-03
8.989870605e+02;4.973417963e-04
8.992280273e+02;-3.189847339e-03
8.994690552e+02;2.469559200e-03
8.997100220e+02;1.869319123e-03
8.999510498e+02;5.487909657e-04
9.001920776e+02;4.321728833e-03
9.004330444e+02;4.613273777e-03
9.006741333e+02;6.756988354e-03
9.009151611e+02;-1.269079046e-03
9.011561890e+02;-2.521008486e-03
9.013972168e+02;1.886468817e-04
9.016383057e+02;3.292745678e-03
9.018793945e+02;2.400960366e-04
9.021204834e+02;6.979934871e-03
9.023615112e+02;4.510375671e-03
9.026026611e+02;1.714971731e-04
9.028437500e+02;-8.574858657e-04
9.030848389e+02;8.060366963e-04
9.033259888e+02;-2.966901055e-03
9.035671387e+02;-1.217629877e-03
9.038082275e+02;4.013033584e-03
9.040493774e+02;-2.349511255e-03
9.042905273e+02;-4.630423500e-04
9.045317383e+02;2.400960308e-03
9.047728882e+02;3.412793623e-03
9.050140381e+02;-6.345395232e-04
9.052552490e+02;2.743954770e-03
9.054964600e+02;6.002401002e-03
9.057376709e+02;-2.143714577e-03
9.059788818e+02;3.772937634e-04
9.062200928e+02;2.932601608e-03
9.064613037e+02;1.937918016e-03
9.067025757e+02;1.663522562e-03
9.069437866e+02;-1.354827662e-03
9.071850586e+02;-3.412793623e-03
9.074263306e+02;3.635739908e-03
9.076676025e+02;5.659406888e-04
9.079088745e+02;-3.086949000e-04
9.081502075e+02;-1.200480183e-04
9.083914795e+02;2.915451769e-04
9.086328125e+02;1.406276831e-03
9.088740845e+02;4.630423500e-04
9.091154175e+02;-2.229463280e-04
9.093567505e+02;1.629223116e-03
9.095980835e+02;-1.612073393e-03
9.098394165e+02;-2.229463280e-04
9.100808105e+02;2.915452002e-03
9.103221436e+02;3.790087532e-03
9.105635376e+02;9.946835926e-04
9.108049316e+02;5.316412426e-04
9.110463257e+02;4.115932097e-04
9.112877197e+02;-4.287429329e-04
9.115291138e+02;1.749271178e-03
9.117705078e+02;3.086949000e-04
9.120119629e+02;-1.526324777e-03
9.122534180e+02;-2.743954828e-04
9.124948120e+02;1.303378493e-03
9.127362671e+02;3.995884210e-03
9.129777222e+02;1.714971768e-05
9.132191772e+02;1.492025331e-03
9.134606934e+02;-1.783570624e-03
9.137021484e+02;-2.761104377e-03
9.139436646e+02;2.006516792e-03
9.141851807e+02;1.183330431e-03
9.144266357e+02;1.526324777e-03
9.146681519e+02;1.200480154e-03
9.149097290e+02;-2.606756985e-03
9.151512451e+02;-2.023666631e-03
9.153927612e+02;-7.545875269e-04
9.156343384e+02;2.589607378e-03
9.158758545e+02;2.932601608e-03
9.161174316e+02;4.750471562e-03
9.163590088e+02;1.852169400e-03
9.166005859e+02;1.732121455e-03
9.168422241e+02;-1.886468817e-04
9.170838013e+02;1.200480183e-04
9.173253784e+02;1.457726001e-03
9.175670166e+02;5.950951949e-03
9.178086548e+02;8.060366963e-04
9.180502930e+02;-1.406276831e-03
9.182919312e+02;1.474875608e-03
9.185335693e+02;1.543474500e-03
9.187752075e+02;-8.574858657e-05
9.190169067e+02;-8.060366963e-04
9.192585449e+02;3.189847339e-03
9.195002441e+02;-2.212313469e-03
9.197419434e+02;1.457726001e-03
9.199836426e+02;2.212313469e-03
9.202253418e+02;3.412793623e-03
9.204670410e+02;1.474875608e-03
9.207088013e+02;1.783570624e-03
9.209505005e+02;-9.775338694e-04
9.211922607e+02;1.183330431e-03
9.214340210e+02;-2.229463280e-04
9.216757812e+02;-2.898302162e-03
9.219175415e+02;-4.973417963e-04
9.221593018e+02;-2.743954770e-03
9.224010620e+02;1.697822008e-03
9.226428833e+02;-1.663522562e-03
9.228846436e+02;1.663522562e-03
9.231264648e+02;2.658206038e-03
9.233682861e+02;4.424626939e-03
9.236101074e+02;2.503858646e-03
9.238519287e+02;2.898302162e-03
9.240937500e+02;4.184531048e-03
9.243356323e+02;1.200480154e-03
9.245774536e+02;1.200480183e-04
9.248193359e+02;3.910135478e-03
9.250612183e+02;-2.915451769e-04
9.253031006e+02;3.069799393e-03
9.255449829e+02;-9.260847000e-04
9.257868652e+02;1.663522562e-03
9.260288086e+02;-1.543474500e-04
9.262706909e+02;-1.629223116e-03
9.265126343e+02;2.829703270e-03
9.267545776e+02;3.378494177e-03
9.269964600e+02;-8.917853120e-04
9.272384033e+02;4.544674885e-03
9.274804077e+02;1.543474500e-04
9.277223511e+02;-2.572457597e-04
9.279642944e+02;-4.801920732e-04
9.282062988e+02;1.046132762e-03
9.284483032e+02;-9.946835926e-04
9.286903076e+02;1.886468817e-04
9.289323120e+02;2.178014023e-03
9.291743164e+02;1.817869954e-03
9.294163208e+02;8.403361426e-04
9.296583252e+02;1.749271178e-03
9.299003906e+02;1.406276831e-03
9.301424561e+02;2.521008486e-03
9.303844604e+02;-6.345395232e-04
9.306265259e+02;4.613273777e-03
9.308685913e+02;-3.327045124e-03
9.311107178e+02;2.366660861e-03
9.313527832e+02;1.543474500e-04
9.315948486e+02;2.966901055e-03
9.318369751e+02;3.258446231e-04
9.320791016e+02;-1.663522562e-03
9.323212280e+02;-5.144915121e-05
9.325633545e+02;1.114731655e-03
9.328054810e+02;1.732121455e-03
9.330476074e+02;1.989367185e-03
9.332897339e+02;6.345395232e-04
9.335319214e+02;1.440576278e-03
9.337741089e+02;2.400960308e-03
9.340162354e+02;-8.231864194e-04
9.342584229e+02;1.937918016e-03
9.345006104e+02;2.966901055e-03
9.347428589e+02;-2.143714577e-03
9.349850464e+02;1.423426555e-03
9.352272339e+02;4.544674885e-03
9.354694824e+02;1.046132762e-03
9.357117310e+02;1.543474500e-03
9.359539795e+02;5.487909657e-04
9.361962280e+02;1.732121455e-03
9.364384766e+02;-2.143714577e-03
9.366807251e+02;2.212313469e-03
9.369229736e+02;-8.574858657e-05
9.371652832e+02;-5.830903538e-04
9.374075928e+02;-6.516892463e-04
9.376498413e+02;5.385010969e-03
9.378921509e+02;-1.149030984e-03
9.381344604e+02;-5.659406888e-04
9.383768311e+02;-1.200480183e-04
9.386191406e+02;-2.143714577e-03
9.388614502e+02;-3.618590301e-03
9.391038208e+02;0.000000000e+00
9.393461914e+02;2.915451769e-04
9.395885620e+02;-2.521008486e-03
9.398309326e+02;1.783570624e-03
9.400733032e+02;4.458926618e-03
9.403156738e+02;-1.492025331e-03
9.405580444e+02;-2.435259754e-03
9.408004761e+02;1.835019677e-03
9.410429077e+02;1.732121455e-03
9.412852783e+02;-2.486709040e-03
9.415277100e+02;1.646372839e-03
9.417701416e+02;1.011833316e-03
9.420126343e+02;1.680672285e-03
9.422550659e+02;-5.144915194e-04
9.424974976e+02;2.572457597e-04
9.427399902e+02;1.114731655e-03
9.429824829e+02;5.144915121e-05
9.432249756e+02;3.944434866e-04
9.434674683e+02;3.961584531e-03
9.437099609e+02;-5.659406888e-04
9.439524536e+02;2.315211808e-03
9.441949463e+02;-1.320528216e-03
9.444375000e+02;-3.001200501e-03
9.446800537e+02;1.097581931e-03
9.449225464e+02;2.915451769e-04
9.451651001e+02;3.395644017e-03
9.454076538e+02;-1.714971768e-05
9.456502075e+02;-3.258446231e-04
9.458928223e+02;2.400960308e-03
9.461353760e+02;1.732121455e-03
9.463779907e+02;3.601440694e-04
9.466206055e+02;-1.886468817e-04
9.468631592e+02;2.229463309e-03
9.471057739e+02;3.944434866e-04
9.473483887e+02;-1.183330431e-03
9.475910645e+02;4.115932097e-04
9.478336792e+02;-3.189847339e-03
9.480763550e+02;2.915451769e-04
9.483189697e+02;-3.601440694e-04
9.485616455e+02;-8.746355888e-04
9.488043213e+02;1.200480154e-03
9.490469971e+02;3.772937634e-04
9.492896729e+02;-9.946835926e-04
9.495323486e+02;2.400960366e-04
9.497750854e+02;6.002400769e-04
9.500177612e+02;2.709655324e-03
9.502604980e+02;3.858686425e-03
9.505032349e+02;-2.572457539e-03
9.507459717e+02;7.545875269e-04
9.509887085e+02;8.060366963e-04
9.512314453e+02;4.801920732e-04
9.514741821e+02;5.762305111e-03
9.517169800e+02;1.543474500e-03
9.519597168e+02;-2.143714577e-03
9.522025146e+02;5.247813184e-03
9.524453125e+02;1.560624223e-03
9.526881104e+02;-7.374378038e-04
9.529309082e+02;2.726804931e-03
9.531737061e+02;1.149030984e-03
9.534165649e+02;1.131881378e-03
9.536593628e+02;-4.801920732e-04
9.539022217e+02;3.601440694e-04
9.541450806e+02;4.578974564e-03
9.543879395e+02;-2.606756985e-03
9.546307983e+02;4.887669347e-03
9.548736572e+02;1.937918016e-03
9.551165161e+02;9.946835926e-04
9.553594360e+02;-2.040816238e-03
9.556022949e+02;4.235980101e-03
9.558452148e+02;-4.081632476e-03
9.560881348e+02;2.709655324e-03
9.563310547e+02;2.178014023e-03
9.565739746e+02;1.835019677e-03
9.568168945e+02;-2.932601608e-03
9.570598145e+02;1.234779600e-03
9.573027954e+02;2.966901055e-03
9.575457153e+02;-1.526324777e-03
9.577886963e+02;-1.629223116e-03
9.580316772e+02;3.807237139e-03
9.582746582e+02;2.212313469e-03
9.585176392e+02;3.584290855e-03
9.587606201e+02;5.830903538e-04
9.590036621e+02;-2.915451769e-04
9.592466431e+02;-1.886468817e-04
9.594896851e+02;1.200480154e-03
9.597327271e+02;-8.231864194e-04
9.599757080e+02;2.246612916e-03
9.602187500e+02;1.577773946e-03
9.604618530e+02;-6.859886926e-04
9.607048950e+02;-1.612073393e-03
9.609479370e+02;3.121248446e-03
9.611910400e+02;1.097581931e-03
9.614341431e+02;6.002400769e-04
9.616771851e+02;1.663522562e-03
9.619202881e+02;3.584290855e-03
9.621633911e+02;-2.932601608e-03
9.624065552e+02;2.623906592e-03
9.626496582e+02;1.114731655e-03
9.628927612e+02;2.915451769e-04
9.631359253e+02;6.688389694e-04
9.633790894e+02;-1.389127108e-03
9.636222534e+02;3.241296625e-03
9.638654175e+02;-3.772937634e-04
9.641085815e+02;3.481392516e-03
9.643517456e+02;2.915452002e-03
9.645949097e+02;-2.761104377e-03
9.648381348e+02;3.429943463e-03
9.650812988e+02;-1.457726001e-03
9.653245239e+02;1.646372839e-03
9.655677490e+02;2.349511255e-03
9.658109741e+02;-1.749271178e-03
9.660541992e+02;1.440576278e-03
9.662974243e+02;1.989367185e-03
9.665407104e+02;9.432344232e-04
9.667839355e+02;3.138398286e-03
9.670272217e+02;3.378494177e-03
9.672705078e+02;9.775338694e-04
9.675137939e+02;1.028983024e-04
9.677570801e+02;3.584290855e-03
9.680003662e+02;-6.859887071e-05
9.682436523e+02;3.704338800e-03
9.684869995e+02;9.089349769e-04
9.687302856e+02;-6.516892463e-04
9.689736328e+02;-1.886468817e-04
9.692169800e+02;-1.714971768e-05
9.694603271e+02;1.097581931e-03
9.697036743e+02;6.345395232e-04
9.699470215e+02;-6.859886926e-04
9.701903687e+02;3.601440694e-04
9.704337769e+02;1.200480154e-03
9.706771240e+02;4.973417963e-04
9.709205322e+02;-8.746355888e-04
9.711639404e+02;5.916652270e-03
9.714073486e+02;5.350711755e-03
9.716507568e+02;3.138398286e-03
9.718941650e+02;1.714971768e-05
9.721376343e+02;-1.800720231e-03
9.723810425e+02;-2.915452002e-03
9.726245117e+02;2.452409593e-03
9.728679199e+02;5.127765238e-03
9.731113892e+02;1.406276831e-03
9.733548584e+02;-3.567141248e-03
9.735983276e+02;1.371977414e-04
9.738418579e+02;3.155547893e-03
9.740853271e+02;7.888869732e-04
9.743287964e+02;1.423426555e-03
9.745723267e+02;1.114731655e-03
9.748158569e+02;9.775338694e-04
9.750593872e+02;-9.432344232e-04
9.753029175e+02;3.052649554e-03
9.755464478e+02;-3.309895284e-03
9.757899780e+02;5.059166346e-03
9.760335693e+02;1.714971731e-04
9.762770996e+02;-2.109415131e-03
9.765206909e+02;2.778254217e-03
9.767642822e+02;3.772937693e-03
9.770078125e+02;1.714971768e-05
9.772514038e+02;8.746355888e-04
9.774950562e+02;-4.699022509e-03
9.777386475e+02;3.258446231e-04
9.779822388e+02;1.251929323e-03
9.782258911e+02;-1.492025331e-03
9.784695435e+02;1.440576278e-03
9.787131348e+02;-3.429943536e-05
9.789567871e+02;8.746355888e-04
9.792004395e+02;3.824386979e-03
9.794441528e+02;1.269079046e-03
9.796878052e+02;2.589607378e-03
9.799314575e+02;2.846853109e-03
9.801751709e+02;2.280912362e-03
9.804188843e+02;2.435259754e-03
9.806625366e+02;4.699022509e-03
9.809062500e+02;4.030183423e-03
9.811499634e+02;3.086949000e-04
9.813937378e+02;7.374378038e-04
9.816374512e+02;3.447093070e-03
9.818811646e+02;3.515691962e-03
9.821249390e+02;1.200480154e-03
9.823687134e+02;-5.659406888e-04
9.826124268e+02;2.966901055e-03
9.828562012e+02;3.858686425e-03
9.830999756e+02;-1.371977385e-03
9.833438110e+02;-5.144915194e-04
9.835875854e+02;-1.543474500e-04
9.838313599e+02;7.031384157e-04
9.840751953e+02;-1.646372839e-03
9.843190308e+02;-8.746355888e-04
9.845628662e+02;3.412793623e-03
9.848067017e+02;6.139598787e-03
9.850505371e+02;1.869319123e-03
9.852943726e+02;-2.538158093e-03
9.855382080e+02;5.830904003e-03
9.857821045e+02;9.775338694e-03
9.860259399e+02;1.457726001e-03
9.862698364e+02;1.080432208e-03
9.865137329e+02;2.160864417e-03
9.867576294e+02;-2.486709040e-03
9.870015259e+02;3.121248446e-03
9.872454224e+02;3.687189193e-03
9.874893799e+02;1.543474500e-03
9.877332764e+02;2.589607378e-03
9.879772339e+02;-1.131881378e-03
9.882211304e+02;3.429943463e-04
9.884650879e+02;2.709655324e-03
9.887090454e+02;-1.509175054e-03
9.889530029e+02;5.144915121e-05
9.891970215e+02;2.778254217e-03
9.894409790e+02;-1.474875608e-03
9.896849365e+02;3.721488640e-03
9.899289551e+02;5.830903538e-04
9.901729736e+02;4.973417963e-04
9.904169922e+02;-6.859887071e-05
9.906610107e+02;3.344194731e-03
9.909050293e+02;2.075115684e-03
9.911490479e+02;4.287429154e-03
9.913930664e+02;-5.144915194e-04
9.916371460e+02;-2.829703270e-03
9.918811646e+02;-4.081632476e-03
9.921252441e+02;1.663522562e-03
9.923693237e+02;8.746355888e-04
9.926134033e+02;-1.989367185e-03
9.928574829e+02;1.423426555e-03
9.931015625e+02;2.966901055e-03
9.933457031e+02;3.807237139e-03
9.935897827e+02;6.585491356e-03
9.938339233e+02;1.612073393e-03
9.940780640e+02;-6.688389694e-04
9.943221436e+02;3.567141248e-03
9.945662842e+02;2.572457597e-04
9.948104248e+02;3.481392516e-03
9.950546265e+02;1.646372839e-03
9.952987671e+02;4.973417963e-04
9.955429688e+02;-2.915451769e-04
9.957871094e+02;-1.440576278e-03
9.960313110e+02;1.732121455e-03
9.962755127e+02;3.309895284e-03
9.965197144e+02;1.543474500e-04
9.967639160e+02;-5.659406888e-04
9.970081177e+02;-3.086949000e-04
9.972523193e+02;1.354827662e-03
9.974965820e+02;3.172697732e-03
9.977408447e+02;-2.915451769e-04
9.979850464e+02;-5.830903538e-04
9.982293091e+02;-4.973417963e-04
9.984735718e+02;-1.714971731e-04
9.987178345e+02;-2.692505484e-03
9.989620972e+02;2.178014023e-03
9.992064209e+02;3.670039354e-03
9.994506836e+02;1.869319123e-03
9.996950073e+02;3.429943463e-04
9.999393311e+02;2.486709040e-03
1.000183594e+03;1.612073393e-03
1.000427917e+03;-2.572457597e-04
1.000672302e+03;2.315211808e-03
1.000916626e+03;-1.200480183e-04
1.001160950e+03;-2.023666631e-03
1.001405334e+03;2.400960366e-04
1.001649658e+03;2.075115684e-03
1.001894043e+03;1.869319123e-03
1.002138428e+03;2.099125274e-02
1.002382812e+03;-2.057966078e-03
1.002627197e+03;3.069799393e-03
1.002871582e+03;3.001200501e-03
1.003115967e+03;9.603841463e-04
1.003360413e+03;5.762305111e-03
1.003604797e+03;2.229463309e-03
1.003849243e+03;2.143714577e-03
1.004093689e+03;-1.732121455e-03
1.004338135e+03;1.389127108e-03
1.004582581e+03;-2.486709040e-03
1.004827026e+03;4.390327726e-03
1.005071472e+03;-5.144915121e-05
1.005315979e+03;6.345395232e-04
1.005560425e+03;-1.354827662e-03
1.005804932e+03;1.629223116e-03
1.006049438e+03;1.046132762e-03
1.006293945e+03;4.321728833e-03
1.006538452e+03;6.345395464e-03
1.006782959e+03;1.131881378e-03
1.007027466e+03;7.099982817e-03
1.007272034e+03;-1.697822008e-03
1.007516541e+03;1.114731655e-03
1.007761108e+03;-4.630423500e-04
1.008005676e+03;-3.738638246e-03
1.008250244e+03;4.373177886e-03
1.008494812e+03;-3.086949000e-04
1.008739380e+03;1.114731655e-03
1.008983948e+03;3.549991408e-03
1.009228577e+03;-2.349511255e-03
1.009473145e+03;3.447093070e-03
1.009717773e+03;1.131881378e-03
1.009962402e+03;-7.888869732e-04
1.010207031e+03;-2.555307932e-03
1.010451660e+03;5.024867132e-03
1.010696289e+03;-3.601440694e-04
1.010940918e+03;6.534042303e-03
1.011185547e+03;1.320528216e-03
1.011430237e+03;1.114731655e-03
1.011674927e+03;3.429943536e-05
1.011919556e+03;4.064483102e-03
1.012164246e+03;0.000000000e+00
1.012408936e+03;3.927285317e-03
1.012653625e+03;3.927285317e-03
1.012898376e+03;2.486709040e-03
1.013143066e+03;-1.989367185e-03
1.013387817e+03;-1.423426555e-03
1.013632507e+03;-1.114731655e-03
1.013877258e+03;2.846853109e-03
1.014122009e+03;1.972217346e-03
1.014366760e+03;-7.717372500e-04
1.014611511e+03;-6.516892463e-04
1.014856262e+03;1.097581931e-03
1.015101013e+03;1.080432208e-03
1.015345825e+03;2.795403823e-03
1.015590576e+03;1.011833316e-03
1.015835388e+03;4.098782316e-03
1.016080200e+03;-6.859887071e-05
1.016325012e+03;1.371977414e-04
1.016569824e+03;-2.400960366e-04
1.016814636e+03;1.852169400e-03
1.017059509e+03;2.418110147e-03
1.017304321e+03;6.311095785e-03
1.017549194e+03;-7.374378038e-04
1.017794006e+03;5.830903538e-04
1.018038879e+03;3.172697732e-03
1.018283752e+03;1.371977385e-03
1.018528625e+03;1.492025331e-03
1.018773499e+03;-1.423426555e-03
1.019018372e+03;-1.903618569e-03
1.019263306e+03;3.224146785e-03
1.019508179e+03;-1.190190390e-02
1.019753113e+03;-1.119876560e-02
1.019998047e+03;-1.219344884e-02
1.020242981e+03;-1.082147099e-02
1.020487915e+03;-1.195335295e-02
1.020732849e+03;-1.190190390e-02
